,"Agricola, Georg","Ambrose, Saint, Bishop of Milan","Aquinas, Saint",Aristophanes,Aristotle,"Atkinson, William Walker","Augustine, Saint, Bishop of Hippo","Aurelius, Emperor of Rome","Austen, Jane",Avicenna,"Bacon, Francis","Barrow, Isaac",Beauvoir,"Bentham, Jeremy","Bergson, Henri","Berkeley, George","Blavatsky, H. P. (Helena Petrovna)",Boethius,"Boole, Mary Everest","Bosanquet, Bernard","Boyle, Robert","Brentano, Franz","Buchanan, James","Bunyan, John","Camus, Jean-Pierre","Carlyle, Thomas","Carnegie, Andrew","Churchill, Winston","Cicero, Marcus Tullius","Cole, Lawrence Thomas","Coleridge, Samuel Taylor",Confucius,"Croce, Benedetto",Dante Alighieri,"Darwin, Charles","Descartes, Rene","Dewey, John","Dickens, Charles",Diogenes Laertius,"Dionysius, of Alexandria, Saint","Dollinger, Johann Joseph Ignaz von","Dostoyevsky, Fyodor",Douglass,"Einstein, Albert","Emerson, Ralph Waldo",Epictetus,"Erasmus, Desiderius",Euclid,Euripides,"Faraday, Michael","Ferri, Enrico","Fitzgerald, F. Scott (Francis Scott)","Fletcher, Horace","Franklin, Benjamin","Frazer, James George",Frege,"Freud, Sigmund","Frothingham, Octavius Brooks","Gandhi, Mahatma","Giovanni, da Parma","Gladden, Washington","Goethe, Johann Wolfgang von","Grimm, Jacob","Grote, George","Haeckel, Ernst","Halevy, Daniel","Harnack, Adolf von","Harrington, James","Hegel, Georg Wilhelm Friedrich","Herbart, Johann Friedrich","Herschel, John F. W. (John Frederick William)","Hervey, Walter Lowrie","Hesse, Hermann","Hippolytus, Antipope","Hobbes, Thomas","Holbach, Paul Henri Thiry, baron d'",Homer,"Hugel, Friedrich, Freiherr von","Hume, David",Husserl,"Huxley, Thomas Henry",Iamblichus,"James, William","Jefferson, Thomas","Jowett, John Henry","Jung, C. G. (Carl Gustav)","Kafka, Franz","Kant, Immanuel","Keller, Helen","Laplace, Pierre Simon, marquis de","Leibniz, Gottfried Wilhelm, Freiherr von","Liebig, Justus, Freiherr von","Lincoln, Abraham","Livingstone, W. P. (William Pringle)","Locke, John","Lucian, of Samosata","Lucretius Carus, Titus",Luther,"Mach, Ernst","Machiavelli, Niccolo","Maimon, Solomon","Maimonides, Moses","Marx, Karl","Melanchthon, Philipp","Melville, Herman","Michelet, Jules","Mill, John Stuart","Milton, John","Montaigne, Michel de","Moore, G. E. (George Edward)","Mussolini, Benito","Napoleon I, Emperor of the French","Nassau, Robert Hamill","Newton, Isaac","Nietzsche, Friedrich Wilhelm",Nostradamus,"Ober, Charles K. (Charles Kellogg)",Origen,"Orr, Charles Ebert",Oxonian,"Paine, Thomas","Pascal, Blaise",Plato,Plotinus,Plutarch,"Priestley, Joseph",Ptolemy,"Rand, Ayn","Roosevelt, Theodore","Rousseau, Jean-Jacques","Russell, Bertrand",Sartre,"Scheele, Carl Wilhelm","Schiller, Friedrich","Schlegel, Friedrich von","Schopenhauer, Arthur","Schwegler, Albert","Seneca, Lucius Annaeus","Shakespeare, William","Sidgwick, Henry","Smith, Adam",Sophocles,"Spinoza, Benedictus de","Spurgeon, Caroline F. E. (Caroline Frances Eleanor)","Stoughton, John","Strauss, David Friedrich","Swedenborg, Emanuel","Taft, William H. (William Howard)","Taine, Hippolyte",Theophrastus,"Thoreau, Henry David","Tocqueville, Alexis de","Toland, John","Tolstoy, Leo, graf",Turing,"Twain, Mark","Tylor, Edward B. (Edward Burnett)","Tyndall, John","Venn, John",Virgil,Voltaire,"Wesley, John","Whewell, William","Whitefield, George","Whitehead, Alfred North","Whitman, Walt","Wilde, Oscar",Wittgenstein,"Wundt, Wilhelm Max",Xenophon
"Agricola, Georg",0,0,0,0,36,0,0,3,0,6,2,0,0,0,0,0,0,0,0,0,0,0,0,0,0,0,0,0,3,0,0,0,0,0,0,0,0,0,4,1,0,0,0,0,0,0,11,0,6,0,0,0,0,0,0,0,0,0,0,0,0,0,0,0,0,0,0,0,0,0,0,0,0,0,0,0,15,0,0,0,0,0,0,0,0,0,0,0,0,0,0,0,0,0,0,0,3,1,0,0,0,0,0,6,0,0,0,0,0,0,0,0,0,0,0,0,0,0,0,0,0,0,5,0,3,0,0,0,0,0,0,0,0,0,0,0,0,2,1,0,0,0,0,0,0,0,0,0,0,42,0,0,0,0,0,0,0,0,0,4,0,0,0,0,0,0,0,0,0,17
"Ambrose, Saint, Bishop of Milan",0,0,0,0,2,0,12,0,0,0,0,0,0,0,0,0,0,0,0,0,0,0,0,0,0,0,0,0,16,0,0,0,0,0,0,0,0,0,8,14,0,0,0,0,0,0,0,0,0,0,0,0,0,0,0,0,0,0,0,0,0,0,0,0,0,0,0,0,0,0,0,0,0,0,0,0,22,0,0,0,0,0,0,0,0,0,0,0,0,0,0,0,0,0,0,0,0,0,0,0,0,0,0,0,0,0,0,0,0,0,0,0,0,0,0,0,0,8,0,0,0,0,4,14,2,0,2,0,0,0,0,0,0,0,0,0,0,0,0,0,0,4,0,0,0,0,0,0,0,0,0,0,0,0,0,0,0,0,0,18,0,0,0,0,0,0,0,0,0,0
"Aquinas, Saint",0,295,0,1,290,0,1416,0,0,55,0,0,0,0,0,0,0,203,0,0,0,0,0,0,0,0,0,0,57,0,0,0,0,0,0,0,0,0,0,782,0,0,0,0,0,0,0,5,0,0,0,0,0,0,0,0,0,0,0,0,0,0,0,0,0,0,0,0,0,0,0,0,0,0,0,0,0,0,0,0,0,0,0,0,0,0,0,0,0,0,0,0,0,0,0,0,0,0,0,0,0,0,0,0,0,0,0,0,0,0,0,0,0,0,0,0,0,109,0,0,0,0,279,8,0,0,5,0,0,0,0,0,0,0,0,0,0,60,0,0,0,0,0,0,0,0,0,0,0,0,0,0,0,0,0,0,0,0,0,4,0,0,0,0,0,0,0,0,0,0
Aristophanes,0,0,0,0,0,0,0,0,0,0,0,0,0,0,0,0,0,0,0,0,0,0,0,0,0,0,0,0,0,0,0,0,0,0,0,0,0,0,0,0,0,0,0,0,0,0,0,0,3,0,0,0,0,0,0,0,0,0,0,0,0,0,0,0,0,0,0,0,0,0,0,0,0,0,0,0,5,0,0,0,0,0,0,0,0,0,0,0,0,0,0,0,0,0,0,0,0,0,0,0,0,0,0,0,0,0,0,0,0,0,0,0,0,0,0,0,0,0,0,0,0,0,2,0,0,0,0,0,0,0,0,0,0,0,0,0,0,0,0,0,0,0,0,0,0,0,0,0,0,0,0,0,0,0,0,0,0,0,0,0,0,0,0,0,0,0,0,0,0,0
Aristotle,0,0,0,6,0,0,0,0,0,0,0,0,0,0,0,0,0,0,0,0,0,0,0,0,0,0,0,0,0,0,0,0,0,0,0,0,0,0,5,0,0,0,0,0,0,0,0,1,60,0,0,0,0,0,0,0,0,0,0,0,0,0,0,0,0,0,0,0,0,0,0,0,0,0,0,0,119,0,0,0,0,0,0,0,0,0,0,0,0,0,0,0,0,0,0,0,0,0,0,0,0,0,0,0,0,0,0,0,0,0,0,0,0,0,0,0,0,0,0,0,0,0,140,0,0,0,0,0,0,0,0,0,0,0,0,0,0,0,0,0,0,34,0,0,0,0,0,0,0,5,0,0,0,0,0,0,0,0,0,0,0,0,0,0,0,0,0,0,0,0
"Atkinson, William Walker",0,1,0,0,17,0,3,0,0,0,1,0,0,0,0,2,2,0,0,0,0,0,2,0,0,0,0,0,3,0,3,0,0,0,27,3,0,7,1,0,0,0,0,0,8,0,0,2,0,1,0,0,0,0,0,0,0,0,0,1,0,6,0,0,9,0,0,1,2,0,5,0,0,0,2,0,3,0,3,0,7,0,10,0,0,4,0,6,4,0,0,0,3,0,7,0,1,0,0,1,0,0,0,0,0,0,2,9,0,1,0,11,0,18,1,0,0,37,123,0,0,2,38,3,1,0,0,0,0,0,0,0,0,0,0,5,0,2,18,2,0,0,5,0,0,0,15,4,0,0,2,0,0,0,0,2,0,6,0,6,4,1,2,0,0,4,0,0,5,2
"Augustine, Saint, Bishop of Hippo",0,30,0,0,14,0,0,20,0,0,0,0,0,0,0,0,0,0,0,0,0,0,0,0,0,0,0,0,228,0,0,0,0,0,0,0,0,0,14,7,0,0,0,0,0,8,0,0,2,0,0,0,0,0,0,0,0,0,0,0,0,0,0,0,0,0,0,0,0,0,0,0,0,6,0,0,32,0,0,0,0,2,0,0,0,0,0,0,0,0,0,0,0,0,0,0,10,0,0,0,0,0,0,0,0,0,0,0,0,0,0,0,0,0,0,0,0,29,0,0,0,0,578,36,14,0,22,0,0,0,0,0,0,0,0,0,0,30,0,0,0,0,0,0,0,0,0,0,0,0,0,0,0,0,0,0,0,0,0,146,0,0,0,0,0,0,0,0,0,4
"Aurelius, Emperor of Rome",0,0,0,5,5,0,0,0,0,0,0,0,0,0,0,0,0,0,0,0,0,0,0,0,0,0,0,0,17,0,0,0,0,0,0,0,0,0,18,0,0,0,0,0,0,107,0,0,20,0,0,0,0,0,0,0,0,0,0,0,0,0,0,0,0,0,0,0,0,0,0,0,0,0,0,0,12,0,0,0,0,0,0,0,0,0,0,0,0,0,0,0,0,0,0,0,0,0,0,0,0,0,0,0,0,0,0,0,0,0,0,0,0,0,0,0,0,0,0,0,0,0,91,1,11,0,0,0,0,0,0,0,0,0,0,0,0,15,0,0,0,5,0,0,0,0,0,0,0,9,0,0,0,0,0,0,0,0,0,0,0,0,0,0,0,0,0,0,0,10
"Austen, Jane",1,0,0,0,0,0,0,0,0,0,0,0,0,0,0,17,0,0,0,0,0,0,0,0,0,0,0,0,0,78,1,0,0,0,0,0,0,0,0,0,0,0,0,0,0,0,0,0,0,0,0,0,2,0,0,0,0,0,0,0,3,0,0,0,0,0,0,0,0,0,0,0,0,0,0,0,0,0,1,0,0,0,1,0,0,0,0,0,0,0,0,0,0,0,0,0,0,0,0,0,0,0,0,0,0,0,0,1,0,0,0,0,0,1,0,0,0,0,0,0,0,0,0,0,0,0,0,0,0,0,0,0,0,0,0,0,0,0,9,0,2,0,0,0,0,0,0,0,0,0,0,0,0,0,0,0,0,0,0,0,0,0,0,0,0,1,0,0,0,0
Avicenna,0,0,0,0,6,0,0,0,0,0,0,0,0,0,0,0,0,0,0,0,0,0,0,0,0,0,0,0,0,0,0,0,0,0,0,0,0,0,0,0,0,0,0,0,0,0,0,0,0,0,0,0,0,0,0,0,0,0,0,0,0,0,0,0,0,0,0,0,0,0,0,0,0,0,0,0,0,0,0,0,0,0,0,0,0,0,0,0,0,0,0,0,0,0,0,0,0,0,0,0,0,0,0,0,0,0,0,0,0,0,0,0,0,0,0,0,0,1,0,0,0,0,7,0,0,0,0,0,0,0,0,0,0,0,0,0,0,0,0,0,0,0,0,0,0,0,0,0,0,0,0,0,0,0,0,0,0,0,0,0,0,0,0,0,0,0,0,0,0,0
"Bacon, Francis",0,2,0,4,211,0,5,6,0,0,0,0,0,0,0,0,0,0,0,0,0,0,0,0,0,0,0,0,121,0,0,0,0,2,0,12,0,0,14,12,0,0,0,0,0,8,2,6,0,0,0,0,0,0,0,0,0,0,0,0,0,0,0,0,0,0,0,0,0,0,0,0,0,0,2,0,34,0,0,0,0,0,0,0,0,0,0,0,0,0,0,0,0,0,0,11,17,2,0,4,0,0,0,0,0,0,0,3,21,0,0,0,0,47,0,0,0,0,0,0,0,0,118,2,23,0,6,0,0,0,0,0,0,0,0,0,0,76,5,0,0,0,4,0,0,0,0,0,0,4,0,0,0,0,0,0,0,0,0,48,0,0,0,0,0,0,0,0,0,14
Baha'u'llah,0,0,0,0,1,0,0,0,0,1,0,0,0,0,0,0,0,0,0,0,0,0,0,0,0,0,0,0,0,0,0,0,0,0,0,0,0,0,0,0,0,0,0,0,0,0,0,0,0,0,0,0,0,0,0,0,0,0,0,0,24,0,0,0,0,0,0,0,0,0,0,0,0,0,0,0,0,0,0,0,0,0,0,0,0,0,0,0,0,0,0,0,0,0,0,0,0,0,0,0,0,0,0,0,0,0,0,0,0,0,0,16,0,0,0,0,0,0,0,0,0,0,1,0,0,0,0,0,0,0,0,0,0,0,0,0,0,0,0,0,0,0,0,0,0,0,0,0,0,0,0,0,0,0,0,1,0,0,0,0,0,0,0,0,0,0,0,0,0,0
"Barrow, Isaac",0,0,0,0,4,0,0,0,0,0,0,0,0,0,0,0,0,0,0,0,0,0,0,0,0,0,0,0,3,0,0,0,0,0,0,0,0,0,0,0,0,0,0,0,0,1,0,0,0,0,0,0,0,0,0,0,0,0,0,0,0,0,0,0,0,0,0,0,0,0,0,0,0,0,0,0,0,0,0,0,0,0,0,0,0,0,0,0,0,0,0,0,0,0,0,0,0,0,0,0,0,0,0,0,0,0,0,0,0,0,0,0,0,2,0,0,0,0,0,0,0,0,1,0,1,0,0,0,0,0,0,0,0,0,0,0,0,1,1,0,0,0,0,0,0,0,0,0,0,0,0,0,0,0,0,0,0,0,0,0,0,0,0,0,0,0,0,0,0,0
Beauvoir,0,2,0,3,10,0,9,1,3,0,0,0,0,0,1,0,0,0,0,0,0,0,0,0,5,0,0,0,0,0,0,0,0,11,1,1,0,0,0,0,0,0,1,0,1,0,2,0,0,0,0,0,0,0,4,0,50,0,1,0,0,4,0,0,0,0,0,0,20,0,0,0,0,1,0,0,3,0,0,1,0,0,0,1,0,8,5,3,0,0,2,0,1,0,19,0,0,0,0,0,0,0,19,0,1,11,5,0,17,1,1,13,0,0,14,0,0,1,0,0,0,2,29,0,0,0,3,0,0,6,0,36,0,1,0,3,0,2,3,0,0,1,1,0,0,14,0,0,0,0,0,0,0,38,0,0,0,0,0,0,1,0,0,0,0,1,0,0,0,1
"Bentham, Jeremy",0,0,0,0,1,0,0,1,0,0,0,1,0,0,0,0,0,0,0,0,0,0,0,0,0,0,0,0,0,0,0,0,0,0,0,0,0,0,0,0,0,0,0,0,0,0,0,0,0,0,0,0,0,2,0,0,0,0,0,0,0,0,0,0,0,0,0,0,0,0,0,0,0,0,0,0,0,0,1,0,0,0,0,4,0,0,0,0,0,0,0,0,4,0,4,0,0,1,0,0,0,0,0,0,0,0,0,3,0,0,0,1,0,2,0,0,0,0,0,0,0,0,1,0,0,0,0,0,0,0,0,0,0,0,0,0,0,0,0,0,0,0,0,0,0,0,0,0,0,0,0,0,0,0,0,0,0,0,0,0,0,0,0,0,0,0,0,0,0,0
"Bergson, Henri",0,0,0,0,204,0,0,0,0,0,0,0,0,0,0,0,0,0,0,0,0,0,0,0,0,0,0,0,0,4,0,0,0,0,95,85,1,1,0,0,0,0,0,0,0,0,0,0,0,11,4,0,0,0,0,0,6,0,0,0,0,0,0,0,0,0,0,0,0,0,0,2,0,0,0,0,0,0,0,0,6,0,12,0,0,0,0,257,0,6,111,0,0,0,0,0,1,0,0,0,0,0,0,0,0,0,0,0,0,0,0,1,0,6,1,0,0,0,0,0,0,5,89,66,0,0,0,0,0,0,0,0,0,0,0,1,0,0,1,0,0,0,94,0,0,0,0,0,0,0,0,0,0,0,0,2,0,0,0,0,0,0,0,0,0,0,0,0,8,0
"Berkeley, George",0,0,2,0,30,0,1,0,0,0,1,20,0,0,0,0,0,0,0,0,1,0,0,1,0,0,0,0,0,0,1,0,0,0,0,33,0,0,1,0,0,0,0,0,0,0,1,2,0,0,0,0,0,0,0,0,0,0,0,0,0,0,0,0,0,0,0,0,3,0,0,0,0,0,16,0,0,0,34,0,0,0,0,0,0,0,0,16,0,0,17,0,0,0,202,0,0,0,0,0,0,0,0,0,0,0,0,21,0,0,0,0,0,47,0,0,0,2,0,0,0,2,18,1,0,2,1,0,0,0,0,0,0,1,0,0,0,0,0,0,3,0,12,0,0,0,0,0,0,0,0,0,6,0,0,0,0,0,0,2,8,0,0,0,0,0,0,0,0,0
"Blavatsky, H. P. (Helena Petrovna)",0,7,19,18,201,3,54,2,2,6,0,0,0,0,0,7,0,5,0,0,8,0,22,3,0,16,0,0,61,12,11,66,0,13,309,36,0,0,31,18,6,0,0,0,18,5,4,26,28,73,0,0,0,24,0,0,0,0,0,0,0,6,3,10,17,2,0,0,33,0,64,0,0,14,2,0,115,0,114,0,227,113,0,0,61,0,0,77,0,71,2,10,0,0,22,27,27,2,0,0,8,34,0,0,0,5,7,38,8,17,0,26,0,167,0,4,0,77,0,0,0,16,1139,82,103,8,55,0,0,2,2,0,0,4,3,42,3,15,16,0,1,11,40,0,0,3,69,0,0,11,0,0,0,0,0,2,0,155,0,49,39,0,5,0,0,0,0,2,2,3
Boethius,0,0,0,0,41,0,3,2,0,0,0,0,0,0,0,0,0,0,0,0,0,0,0,0,0,0,0,0,25,0,0,0,0,0,0,0,0,0,3,2,0,0,0,0,0,0,0,1,14,0,0,0,0,0,0,0,0,0,0,0,0,0,0,0,0,0,0,0,0,0,0,0,0,0,0,0,17,0,0,0,0,1,0,0,0,0,0,0,0,0,0,0,0,0,0,0,1,0,0,0,0,0,0,0,0,0,0,0,0,0,0,0,0,0,0,0,0,0,0,0,0,0,129,2,0,0,6,0,0,0,0,0,0,0,0,0,0,20,0,0,0,0,0,0,0,0,0,0,0,0,0,0,0,0,0,0,0,0,0,6,0,0,0,0,0,0,0,0,0,0
"Bosanquet, Bernard",0,0,0,0,9,0,0,0,0,0,0,0,0,0,0,1,0,0,1,0,0,0,0,0,0,0,0,0,0,0,0,0,0,0,0,0,0,0,0,0,0,0,0,0,0,0,0,0,0,0,0,0,0,0,0,0,0,0,0,0,0,1,0,0,0,0,0,0,0,0,1,0,0,0,0,0,0,0,2,0,0,0,0,0,0,0,0,0,0,0,0,0,0,0,3,0,0,0,0,0,0,0,0,0,0,0,0,0,0,0,0,0,0,0,0,0,0,0,0,0,0,0,5,0,0,0,0,0,0,0,0,0,0,0,0,3,0,0,1,0,0,0,0,0,0,0,0,0,0,0,0,0,0,0,0,0,0,0,17,0,0,0,0,0,0,0,0,0,0,0
"Boyle, Robert",0,0,0,0,0,0,0,0,0,0,0,0,0,0,0,0,0,0,0,0,0,0,0,0,0,0,0,0,0,0,0,0,0,0,0,0,0,0,0,0,0,0,0,0,0,0,0,0,0,0,0,0,0,0,0,0,0,0,0,0,0,0,0,0,0,0,0,0,0,0,0,0,0,0,0,0,0,0,0,0,0,0,0,0,0,0,0,0,0,0,0,0,0,0,0,0,0,0,0,0,0,0,0,0,0,0,0,0,0,0,0,0,0,0,0,0,0,1,0,0,0,0,0,0,0,0,0,0,0,0,0,0,0,0,0,0,0,0,0,0,0,0,0,0,0,0,0,0,0,0,0,0,0,0,0,0,0,0,0,0,0,0,0,0,0,0,0,0,0,0
"Brentano, Franz",0,0,4,0,42,0,5,0,0,0,0,0,0,6,0,0,0,0,0,0,0,0,3,0,0,0,0,0,1,10,3,0,0,15,1,41,0,0,0,0,0,0,0,0,0,0,0,0,0,0,9,0,0,0,0,0,0,0,0,8,0,1,0,6,0,0,0,7,4,14,0,0,0,0,1,0,0,0,18,0,0,0,11,0,0,0,0,17,0,3,0,0,0,0,3,0,0,0,0,0,0,0,0,0,0,0,3,2,0,0,0,0,0,0,0,0,0,0,0,0,0,1,9,0,0,0,0,0,3,1,3,0,0,2,0,0,0,0,3,0,0,0,2,0,0,1,0,0,0,0,0,0,0,0,0,0,0,0,0,0,0,0,0,0,0,2,0,0,0,0
"Buchanan, James",0,0,0,0,1,16,1,0,0,0,0,0,0,0,0,7,0,0,0,0,11,0,0,0,0,4,0,0,3,0,0,0,0,0,2,3,0,0,0,0,0,0,0,0,0,0,0,0,0,1,0,0,0,1,0,0,0,0,0,0,0,0,1,0,0,0,0,0,9,1,0,0,0,0,2,9,0,0,6,0,0,0,0,0,0,0,0,11,0,0,0,0,4,0,13,0,6,0,0,0,1,0,0,0,0,2,1,0,4,0,0,0,0,13,0,0,0,0,0,0,0,3,3,1,0,27,0,0,0,1,0,0,0,0,2,0,0,0,0,0,0,0,59,0,1,4,0,0,0,0,0,0,0,0,0,0,0,0,0,0,8,0,6,0,0,0,0,0,0,1
"Bunyan, John",0,1,3,0,10,0,3,0,0,0,0,1,0,0,0,0,0,0,0,0,0,0,0,0,0,0,0,0,0,0,0,0,0,2,0,0,0,0,2,0,0,0,0,0,0,0,2,0,0,0,0,0,0,0,0,0,0,0,0,0,0,0,0,0,0,0,0,1,0,0,0,0,0,0,0,0,1,0,6,0,0,0,0,0,0,0,0,0,0,0,0,0,0,0,26,1,0,7,0,0,0,0,0,0,0,0,0,13,0,0,0,0,0,1,0,0,0,2,0,0,0,0,13,0,3,0,0,0,0,0,0,0,0,0,0,0,0,0,20,0,0,0,0,0,0,0,0,0,0,0,0,0,0,0,0,0,0,0,0,2,0,7,0,11,0,0,0,0,0,0
"Camus, Jean-Pierre",0,2,0,0,2,0,21,0,0,0,0,0,0,0,0,0,0,0,0,0,0,0,0,0,0,0,0,0,0,0,0,0,0,0,0,0,0,0,0,0,0,0,0,0,0,0,0,0,0,0,0,0,0,0,0,0,0,0,0,0,0,0,0,0,0,0,0,0,0,0,0,0,0,0,0,0,0,0,0,0,0,0,0,0,0,0,0,0,0,0,0,0,0,0,0,0,0,0,0,0,0,0,0,0,0,0,0,0,0,0,0,0,0,0,0,0,0,0,0,0,0,0,0,0,1,0,0,0,0,0,0,0,0,0,0,0,0,11,0,0,0,0,0,0,0,0,0,0,0,0,0,0,0,0,0,0,0,0,0,1,0,0,0,0,0,0,0,0,0,0
"Carlyle, Thomas",0,0,0,0,0,0,6,0,0,0,0,0,0,23,0,0,0,0,0,0,0,0,0,4,0,0,0,0,1,0,8,0,0,202,0,0,0,1,24,1,0,0,0,0,1,0,0,0,0,0,0,0,0,1,0,0,0,0,0,0,0,37,10,0,0,0,0,0,2,0,2,0,0,0,0,0,19,0,8,0,0,0,0,0,0,0,0,1,0,3,0,0,0,0,0,0,0,6,0,0,0,0,0,0,0,0,0,8,0,0,0,76,0,2,0,0,0,0,0,0,0,0,9,0,0,0,0,0,0,40,0,0,0,7,5,0,0,2,1,0,2,1,0,0,0,0,0,0,0,0,0,0,0,0,0,1,0,0,0,2,21,0,0,0,0,0,0,0,0,0
"Churchill, Winston",0,0,0,0,2,0,0,0,0,0,0,0,0,0,0,0,0,0,0,0,0,0,0,0,0,8,0,0,0,0,0,0,0,0,2,0,0,6,0,0,0,0,0,0,0,0,0,0,0,0,0,0,0,0,0,0,0,0,0,0,0,4,0,0,0,0,0,2,0,0,0,0,0,0,0,0,4,0,0,0,0,0,2,12,0,0,0,0,0,0,0,0,3,0,0,0,0,0,0,0,0,0,0,0,0,0,0,2,0,0,0,3,0,0,6,0,0,0,0,0,0,0,2,0,2,0,0,0,0,0,12,0,0,0,0,0,0,0,6,0,2,0,0,0,0,0,0,0,0,0,0,0,0,0,0,0,0,0,0,2,0,0,0,0,0,0,0,0,0,0
"Cicero, Marcus Tullius",0,0,0,4,281,0,0,0,0,0,0,0,0,0,0,0,0,0,0,0,0,0,0,0,0,0,0,0,0,0,0,0,0,0,0,0,0,0,86,0,0,0,0,0,0,0,0,4,65,0,0,0,0,0,0,0,0,0,0,0,0,0,0,0,0,0,0,0,0,0,0,0,0,0,0,0,170,0,0,0,0,0,0,0,0,0,0,0,0,0,0,0,0,0,0,0,18,0,0,0,0,0,0,0,0,0,0,0,0,0,0,0,0,0,0,0,0,0,0,0,0,0,590,0,0,0,0,0,0,0,0,0,0,0,0,0,0,0,0,0,0,30,0,0,0,0,0,0,0,83,0,0,0,0,0,0,0,0,0,17,0,0,0,0,0,0,0,0,0,34
"Cole, Lawrence Thomas",0,0,0,0,18,0,0,1,0,0,0,0,0,0,0,0,0,0,0,0,0,0,0,0,0,0,0,0,9,0,0,0,0,0,0,0,0,0,1,1,0,0,0,0,0,1,0,0,0,0,0,0,0,0,0,0,0,0,0,0,0,0,0,0,0,0,0,0,0,0,0,0,0,0,0,0,2,0,1,0,0,0,0,0,0,0,0,2,0,0,0,0,0,0,0,0,1,0,0,0,0,0,0,0,0,0,0,0,0,0,0,0,0,0,0,0,0,6,0,0,0,0,22,0,0,0,0,0,0,0,0,0,0,0,0,0,1,1,0,0,0,0,0,0,0,0,0,0,0,0,0,0,0,0,0,0,0,0,0,0,0,0,0,0,0,0,0,0,0,1
"Coleridge, Samuel Taylor",0,0,2,3,43,0,23,1,1,0,1,9,0,3,0,11,0,0,0,0,1,0,0,7,0,3,0,0,17,0,0,0,0,17,12,5,0,0,0,1,0,0,0,0,0,3,8,1,13,1,0,0,29,0,0,0,0,0,0,1,0,24,0,0,0,0,0,5,0,0,2,0,0,1,25,0,32,0,16,0,0,0,0,0,0,0,0,46,0,0,0,0,4,0,31,0,3,0,0,0,0,2,0,0,0,1,0,111,0,0,0,2,0,37,0,0,11,10,0,0,1,2,96,15,2,10,0,0,0,2,0,0,0,25,4,0,0,12,62,0,0,12,15,0,0,0,4,0,0,0,0,0,0,0,0,0,0,0,0,24,2,10,0,0,0,0,16,0,0,10
Confucius,0,0,0,0,0,0,0,0,0,0,0,0,0,0,0,0,0,0,0,0,0,0,0,0,0,0,0,0,0,0,0,0,0,0,0,0,0,0,0,0,0,0,0,0,0,0,0,0,0,0,0,0,0,0,0,0,0,0,0,0,0,0,0,0,0,0,0,0,0,0,0,0,0,0,0,0,2,0,0,0,0,0,0,0,0,0,0,0,0,0,0,0,0,0,0,0,0,0,0,0,0,0,0,0,0,0,0,0,0,0,0,0,0,0,0,0,0,0,0,0,0,0,0,0,0,0,0,0,0,0,0,0,0,0,0,0,0,0,0,0,0,0,0,0,0,0,0,0,0,0,0,0,0,0,0,0,0,0,0,0,0,0,0,0,0,0,0,0,0,0
"Croce, Benedetto",1,0,7,7,213,0,13,0,0,0,0,0,0,3,20,7,0,0,2,13,1,15,0,0,0,1,0,0,36,6,4,1,0,79,4,87,0,0,0,3,0,0,0,0,0,0,0,7,2,0,6,0,0,0,0,0,0,0,0,8,0,34,3,0,2,0,0,0,396,129,0,0,0,0,24,2,129,0,19,0,1,1,0,0,1,0,0,473,0,0,41,0,0,0,29,0,4,1,18,20,0,0,8,1,0,8,2,2,3,0,0,13,0,7,18,0,0,1,0,0,0,13,260,24,14,0,0,4,0,9,0,0,0,89,27,85,0,3,18,1,4,4,51,0,0,0,0,0,3,4,0,0,0,6,0,0,0,0,0,14,16,0,0,0,0,0,2,0,18,4
Dante Alighieri,0,0,4,0,69,0,6,0,0,7,0,0,0,0,0,0,0,17,0,0,0,0,0,0,0,0,0,0,3,0,0,0,0,0,0,0,0,0,4,7,0,0,0,0,0,0,0,5,0,0,0,0,0,0,0,0,0,0,0,7,0,0,0,0,0,0,0,0,0,0,0,0,0,1,0,0,12,0,0,0,0,0,0,0,0,0,0,0,0,0,0,0,0,0,0,0,0,0,0,0,0,0,0,0,0,0,0,0,0,0,0,0,0,0,0,0,0,1,0,0,0,0,24,0,1,0,13,0,0,0,0,0,0,0,0,0,0,9,0,0,0,0,0,0,0,0,0,0,0,0,0,0,0,0,0,0,0,0,0,168,0,0,0,0,0,0,0,0,0,1
"Darwin, Charles",0,0,1,0,2,0,0,6,6,0,0,2,0,6,0,10,0,0,0,0,0,0,2,0,0,0,0,0,0,0,1,0,0,0,0,0,0,1,0,0,0,0,0,0,2,0,1,0,0,0,0,0,0,0,0,0,0,0,0,0,1,10,3,0,17,0,0,0,0,0,2,0,0,0,0,0,3,0,20,0,41,0,0,0,0,0,0,4,3,0,0,0,0,16,0,0,0,0,0,0,0,0,0,0,0,0,0,1,0,1,0,2,0,13,0,0,0,0,0,0,0,0,0,0,0,0,0,0,0,0,0,0,0,1,8,3,0,1,3,3,4,0,0,0,0,0,0,0,0,0,0,0,0,0,0,2,21,0,0,0,0,0,4,0,0,0,0,0,0,2
"Descartes, Rene",0,0,0,0,11,0,0,0,0,0,0,0,0,0,0,0,0,0,0,0,0,0,0,0,0,0,0,0,0,0,0,0,0,0,0,0,0,0,0,0,0,0,0,0,0,0,0,0,0,0,0,0,0,0,0,0,0,0,0,0,0,0,0,0,0,0,0,0,0,0,0,0,0,0,6,0,0,0,0,0,0,0,0,0,0,0,0,0,0,0,0,0,0,0,0,0,0,0,0,0,0,0,0,0,0,0,0,0,0,0,0,0,0,0,0,0,0,0,0,0,0,0,2,0,0,0,0,0,0,0,0,0,0,0,0,0,0,0,0,0,0,0,0,0,0,0,0,0,0,0,0,0,0,0,0,0,0,0,0,0,0,0,0,0,0,0,0,0,0,0
"Dewey, John",0,0,22,6,294,0,8,12,0,0,13,0,0,203,38,30,0,0,0,118,1,2,0,2,0,30,0,0,9,1,0,1,3,9,86,112,0,0,7,0,0,0,0,0,26,8,0,34,11,2,0,0,2,2,2,2,3,0,0,0,0,12,2,23,0,2,2,0,126,16,0,0,0,0,33,0,11,0,72,0,6,0,20,2,1,4,0,726,0,1,510,0,4,0,497,0,7,0,0,4,0,0,16,0,0,0,13,4,1,44,1,27,0,57,18,0,0,0,0,0,0,0,315,6,3,0,1,34,1,47,56,0,0,12,0,7,0,6,8,73,26,14,105,0,0,0,0,0,0,1,4,2,0,4,0,2,8,0,9,0,8,1,24,0,2,2,2,0,31,8
"Dickens, Charles",0,0,0,0,0,0,0,0,0,0,0,26,0,0,0,1,0,0,0,0,0,0,0,0,0,0,0,0,0,5,0,0,0,0,0,0,0,0,1,0,0,0,0,0,0,0,0,2,0,0,0,0,0,1,0,0,0,0,0,0,7,0,0,0,0,0,0,0,0,0,0,0,0,0,0,0,0,0,0,0,0,0,0,1,0,0,0,0,0,0,0,0,91,0,0,0,0,0,0,0,0,0,0,0,0,0,0,1,0,0,0,0,0,0,0,0,0,0,0,0,0,0,3,0,0,0,0,0,0,0,1,0,0,0,0,0,0,0,7,0,2,0,0,0,0,0,0,0,0,0,0,0,0,0,0,2,0,0,0,1,0,0,0,0,0,0,0,0,0,0
Diogenes Laertius,0,0,0,10,81,0,0,0,0,0,0,0,0,0,0,0,0,0,0,0,0,0,0,0,0,0,0,0,0,0,0,0,0,0,0,0,0,0,0,0,0,0,0,0,0,0,0,19,38,0,0,0,0,0,0,0,0,0,0,0,0,0,0,0,0,0,0,0,0,0,0,0,0,0,0,0,48,0,0,0,0,0,0,0,0,0,0,0,0,0,0,0,0,0,0,0,0,0,0,0,0,0,0,0,0,0,0,0,0,0,0,0,0,0,0,0,0,0,0,0,0,0,234,0,0,0,0,0,0,0,0,0,0,0,0,0,0,0,0,0,0,18,0,0,0,0,0,0,0,45,0,0,0,0,0,0,0,0,0,0,0,0,0,0,0,0,0,0,0,44
"Dionysius, of Alexandria, Saint",0,0,0,0,4,0,0,1,0,0,0,0,0,0,0,0,0,0,0,0,0,0,0,0,0,0,0,0,0,0,0,0,0,0,0,0,0,0,0,0,0,0,0,0,0,0,0,0,1,0,0,0,0,0,0,0,0,0,0,0,0,0,0,0,0,0,0,0,0,0,0,0,0,4,0,0,5,0,0,0,0,0,0,0,0,0,0,0,0,0,0,0,0,0,0,0,0,0,0,0,0,0,0,0,0,0,0,0,0,0,0,0,0,0,0,0,0,19,0,0,0,0,5,0,0,0,2,0,0,0,0,0,0,0,0,0,0,0,0,0,0,1,0,0,0,0,0,0,0,0,0,0,0,0,0,0,0,0,0,0,0,0,0,0,0,0,0,0,0,0
"Dollinger, Johann Joseph Ignaz von",0,4,6,0,0,0,11,0,0,0,0,0,0,0,0,0,0,0,0,0,0,0,0,0,0,0,0,0,2,2,0,0,0,5,0,0,0,0,0,0,0,0,0,0,0,0,0,0,0,0,0,2,0,0,0,0,0,0,0,2,0,0,0,0,0,0,0,0,0,0,0,0,0,0,0,0,1,0,0,0,0,0,0,0,0,0,0,0,0,0,0,0,0,0,0,0,0,0,0,0,0,0,0,0,0,0,0,0,0,0,0,4,0,0,0,0,0,1,0,0,0,0,0,0,0,0,0,0,0,0,0,0,0,0,0,0,0,0,0,0,0,1,0,0,0,0,0,0,0,0,0,0,0,0,0,0,0,0,0,0,0,0,0,0,0,0,0,0,0,0
"Dostoyevsky, Fyodor",0,0,0,0,0,0,0,0,0,0,0,8,0,0,0,0,4,0,0,0,0,0,0,0,0,0,0,0,2,0,0,0,0,4,0,0,0,2,2,0,0,0,0,0,0,0,0,7,0,0,0,0,0,0,0,0,0,0,0,0,3,4,0,0,0,0,0,0,0,0,0,0,0,0,0,0,0,0,0,0,0,0,0,0,0,0,0,0,83,0,0,0,0,1,0,0,0,0,0,0,0,0,0,0,0,0,0,0,0,0,0,47,0,3,0,0,0,0,0,0,0,4,2,0,0,0,0,0,0,11,0,0,0,13,0,0,0,0,26,0,0,0,0,0,0,0,0,0,0,0,0,2,0,1,0,2,0,0,0,0,12,0,0,0,0,0,0,0,0,0
"Einstein, Albert",0,0,0,0,0,0,0,0,0,0,0,0,0,0,0,0,0,0,0,0,0,0,0,0,0,0,0,0,0,0,0,0,0,0,0,0,0,0,0,0,0,0,0,0,0,0,0,97,0,3,0,7,0,0,0,0,0,0,0,0,0,0,0,0,0,0,0,0,0,0,0,0,0,0,0,0,0,0,0,0,0,0,0,0,0,0,0,0,0,0,0,0,0,0,0,0,0,0,11,0,0,0,0,0,0,0,0,0,0,0,0,0,0,83,0,0,0,0,0,0,0,0,0,0,0,0,0,0,0,0,0,0,0,0,0,0,0,0,0,0,0,0,0,0,0,0,0,0,0,0,0,0,0,0,0,0,0,0,0,0,0,0,0,0,0,0,0,0,0,0
"Emerson, Ralph Waldo",0,0,0,3,16,0,11,0,0,0,6,2,0,3,0,8,0,2,0,0,0,0,0,4,0,72,0,0,14,0,20,4,1,28,2,8,0,1,9,0,0,0,0,0,0,6,3,0,8,1,0,0,26,24,0,0,0,0,0,0,0,50,3,0,0,0,0,0,1,0,6,0,0,0,1,0,50,0,1,0,0,0,0,2,0,1,0,4,0,2,0,0,0,0,28,0,0,2,0,1,0,0,0,0,0,0,2,109,17,2,0,53,1,28,0,0,0,0,0,0,0,3,80,10,38,0,4,0,0,7,2,0,0,3,8,0,0,2,134,0,0,17,2,0,0,0,24,0,0,0,7,0,1,0,0,3,0,0,0,1,8,8,0,2,0,0,0,0,0,7
Epictetus,0,0,0,0,4,0,0,7,0,0,0,0,0,0,0,0,0,0,0,0,0,0,0,0,0,0,0,0,4,0,0,0,0,0,0,0,0,0,42,0,0,0,0,0,0,0,0,0,11,0,0,0,0,0,0,0,0,0,0,0,0,0,0,0,0,0,0,0,0,0,0,0,0,0,0,0,13,0,0,0,0,0,0,0,0,0,0,0,0,0,0,0,0,0,0,4,0,0,0,0,0,0,0,0,0,0,0,0,0,0,0,0,0,0,0,0,0,0,0,0,0,0,26,0,1,0,0,0,0,0,0,0,0,0,0,0,0,14,0,0,0,2,0,0,0,0,0,0,0,0,0,0,0,0,0,0,0,0,0,1,0,0,0,0,0,0,0,0,0,5
"Erasmus, Desiderius",0,0,2,6,20,0,5,0,0,0,0,0,0,0,0,0,0,0,0,0,0,0,0,0,0,0,0,0,25,0,0,0,0,0,0,0,0,0,4,6,0,0,0,0,0,0,0,4,8,0,0,0,0,0,0,0,0,0,0,2,0,0,0,0,0,0,0,0,0,0,0,0,0,2,0,0,50,0,0,0,0,0,0,0,0,0,0,0,0,0,0,0,0,0,0,24,3,0,0,2,0,0,0,0,0,0,0,0,0,0,0,0,0,0,0,0,0,2,0,0,0,0,66,0,4,0,0,0,0,0,0,0,0,0,0,0,0,17,1,0,0,4,0,0,0,0,0,0,0,2,0,0,0,0,0,0,0,0,0,14,0,0,0,0,0,0,0,0,0,0
Euclid,0,0,0,1,1,0,0,0,0,0,0,0,0,0,0,0,0,0,0,0,0,0,0,0,0,0,0,0,0,0,0,0,0,0,0,0,0,0,0,0,0,0,0,0,0,0,0,0,1,0,0,0,0,0,0,0,0,0,0,0,0,0,0,0,0,0,0,0,0,0,0,0,0,0,0,0,1,0,0,0,0,0,0,0,0,0,0,0,0,0,0,0,0,0,0,0,0,0,0,0,0,0,0,0,0,0,0,0,0,0,0,0,0,0,0,0,0,0,0,0,0,0,0,0,0,0,0,0,0,0,0,0,0,0,0,0,0,0,0,0,0,1,0,0,0,0,0,0,0,0,0,0,0,0,0,0,0,0,0,0,0,0,0,0,0,0,0,0,0,2
Euripides,0,0,0,1,3,0,0,0,0,0,0,0,0,0,0,0,0,0,0,0,0,0,0,0,0,0,0,0,0,0,0,0,0,0,0,0,0,0,0,0,0,0,0,0,0,0,0,0,0,0,0,0,0,0,0,0,0,0,0,0,0,0,0,0,0,0,0,0,0,0,0,0,0,0,0,0,0,0,0,0,0,0,0,0,0,0,0,0,0,0,0,0,0,0,0,0,0,0,0,0,0,0,0,0,0,0,0,0,0,0,0,0,0,0,0,0,0,0,0,0,0,0,0,0,0,0,0,0,0,0,0,0,0,0,0,0,0,0,0,0,0,1,0,0,0,0,0,0,0,0,0,0,0,0,0,0,0,0,0,0,0,0,0,0,0,0,0,0,0,0
"Faraday, Michael",0,3,0,0,1,0,0,0,0,0,0,0,0,0,0,0,0,0,0,0,2,0,8,0,0,1,0,0,0,0,0,0,0,0,0,0,0,2,0,0,0,0,0,0,0,0,0,0,0,0,0,8,2,4,0,0,0,1,0,0,0,0,2,0,0,0,0,0,0,0,10,0,1,0,0,0,0,0,7,0,0,0,3,0,0,0,0,0,0,0,0,0,1,0,0,0,0,0,0,0,0,0,0,0,0,0,0,5,0,2,0,1,0,0,0,0,0,0,0,0,0,4,0,0,2,0,0,0,0,0,14,0,0,0,0,0,0,0,2,0,0,0,0,0,0,0,0,0,0,0,0,0,0,0,0,11,0,8,0,0,0,0,0,0,0,1,2,0,0,0
"Ferri, Enrico",0,1,0,0,3,0,0,0,0,0,0,0,0,0,0,0,0,0,0,0,0,0,0,0,0,0,0,0,0,1,0,0,0,0,120,0,0,0,0,0,0,0,0,0,0,0,0,0,0,0,0,0,0,0,0,0,0,0,0,0,0,3,0,0,12,0,0,0,1,0,0,0,0,0,1,0,0,0,0,0,1,0,0,0,0,0,0,0,0,1,0,0,0,0,0,0,1,0,0,0,0,0,85,0,0,0,2,1,0,0,0,2,0,0,0,0,0,0,0,0,0,0,3,0,0,0,0,0,0,2,0,0,0,0,0,0,0,0,1,0,1,0,0,0,0,0,0,0,0,0,0,0,0,0,0,0,0,0,0,0,0,0,0,0,0,0,0,0,0,0
"Fitzgerald, F. Scott (Francis Scott)",0,0,0,0,0,0,0,0,0,0,0,0,0,0,0,0,0,0,0,0,0,0,25,0,0,0,1,0,0,0,0,0,0,0,0,0,0,0,0,0,0,0,0,0,0,0,0,0,0,0,0,0,0,0,0,0,0,0,0,0,0,0,0,0,0,0,0,0,0,0,0,0,0,0,0,0,0,0,0,0,0,0,0,0,0,0,0,2,0,0,0,0,0,0,0,0,0,0,0,0,0,0,0,0,0,0,0,0,0,0,0,0,0,1,0,0,0,0,0,0,0,0,0,0,0,0,0,0,4,0,0,0,0,0,0,0,0,0,0,0,0,0,0,0,0,0,0,0,0,0,0,0,0,0,0,0,0,0,0,0,0,0,0,0,0,0,0,0,0,0
"Fletcher, Horace",0,0,0,0,2,0,0,0,0,0,0,0,0,0,0,0,0,0,0,0,0,0,0,0,0,0,0,0,0,0,0,0,0,0,1,0,0,0,0,0,0,0,0,0,0,0,0,0,0,0,0,0,0,0,0,0,0,0,0,0,2,0,0,0,0,0,0,0,0,0,0,0,0,0,0,0,0,0,0,0,2,0,0,0,0,0,0,0,0,0,0,0,0,0,0,0,0,0,0,0,0,0,0,0,0,0,0,0,0,0,0,0,0,0,0,0,0,0,0,0,0,0,0,0,0,0,0,0,0,0,0,0,0,0,0,0,0,0,0,0,0,0,0,0,0,0,1,0,0,0,0,0,0,0,0,0,0,0,0,0,0,0,0,0,0,0,0,0,0,0
"Franklin, Benjamin",2,0,0,0,2,0,0,0,0,0,0,0,0,0,0,0,0,0,0,0,10,0,1,14,0,0,0,0,0,14,0,0,0,0,0,0,0,0,0,0,0,0,0,0,0,0,0,0,0,0,0,0,0,0,0,0,0,0,0,0,0,0,0,0,0,0,0,0,0,0,2,0,0,0,0,0,2,0,1,0,0,0,0,10,0,0,0,0,0,0,0,0,2,0,6,0,0,3,0,0,0,0,0,0,0,0,0,4,0,0,0,0,0,10,0,0,0,0,0,0,1,0,2,0,4,22,0,0,0,16,0,0,0,0,0,0,0,0,0,0,2,0,0,0,0,0,0,0,0,2,0,0,0,0,0,0,0,0,0,6,2,5,0,0,0,0,0,0,0,2
"Frazer, James George",0,17,0,79,76,27,73,23,0,0,6,72,0,0,0,7,0,0,0,7,0,0,16,0,0,6,0,0,73,70,0,1,0,0,52,0,0,9,19,110,0,0,0,0,0,3,8,0,74,0,0,14,9,0,0,0,0,0,0,10,9,0,310,0,0,4,3,0,27,0,0,100,64,244,0,0,209,5,4,0,1,0,8,0,0,0,0,4,16,0,0,0,56,17,0,147,13,15,0,0,0,17,0,0,40,0,1,68,7,45,0,1,15,11,0,0,298,19,0,0,0,1,102,4,643,0,34,0,0,1,10,0,0,0,9,0,16,35,11,0,11,41,0,0,0,8,0,0,0,49,0,0,0,0,0,5,73,0,0,306,6,0,0,0,3,0,31,0,0,40
Frege,0,0,0,0,3,0,0,0,0,0,0,0,0,0,0,0,0,0,3,0,0,0,0,0,0,0,0,0,0,0,0,0,0,0,0,0,0,0,0,0,0,0,0,0,0,0,0,3,0,0,0,0,0,0,0,0,0,0,0,0,0,0,0,0,0,0,0,0,0,0,0,0,0,0,0,0,0,0,0,5,0,0,0,0,0,0,0,3,0,0,3,0,0,0,0,0,0,0,0,0,0,0,0,0,0,0,0,0,0,0,0,8,0,0,0,0,0,0,0,0,0,0,1,0,0,0,0,4,0,0,11,0,0,0,0,0,0,0,0,0,0,0,0,0,0,0,0,0,0,0,0,0,0,0,0,0,0,0,0,0,0,0,0,0,0,0,0,0,0,0
"Freud, Sigmund",0,0,0,0,15,11,3,0,0,0,2,0,0,0,0,0,0,0,0,0,0,0,0,0,0,0,0,0,6,0,0,0,0,2,29,0,0,0,0,0,0,0,0,0,0,0,0,0,1,0,0,0,0,1,222,0,0,0,0,0,0,83,2,0,0,0,0,0,2,4,0,10,1,0,0,0,7,0,2,0,0,0,0,0,0,57,0,12,5,0,0,0,0,0,0,0,4,0,0,0,0,0,0,0,0,0,0,0,0,0,0,27,0,0,7,0,0,0,0,0,0,0,13,0,2,0,0,0,0,1,0,0,0,30,0,14,0,0,26,0,0,12,0,0,0,0,0,0,0,0,0,0,0,0,0,0,14,0,0,1,0,0,0,0,0,0,4,0,109,0
"Frothingham, Octavius Brooks",0,1,0,0,10,1,3,1,0,0,1,0,0,4,0,4,0,0,0,0,2,0,0,1,0,38,0,0,3,2,63,2,0,4,8,5,15,3,1,2,1,0,0,0,146,4,1,0,0,0,0,0,0,1,0,0,0,0,0,0,1,36,6,5,2,0,0,0,27,0,2,0,0,0,1,3,3,0,8,0,1,0,2,0,2,0,0,81,0,0,0,0,2,0,43,0,0,1,0,0,0,0,0,0,0,1,1,8,2,1,0,1,0,0,0,0,0,1,0,0,4,0,51,9,8,3,1,0,0,5,7,0,0,11,3,0,5,5,3,0,0,0,9,0,1,22,6,0,0,0,4,0,1,0,0,0,0,20,0,2,12,1,1,0,0,2,0,0,0,0
"Gandhi, Mahatma",0,0,0,0,0,0,0,0,0,0,0,0,0,0,0,0,0,0,0,0,0,0,0,0,0,0,0,0,0,0,0,0,0,0,0,0,0,0,0,0,0,0,0,0,0,0,0,0,0,0,0,0,0,0,0,0,0,0,0,0,0,0,0,0,0,0,0,0,0,0,0,0,0,0,0,0,0,0,0,0,0,0,0,0,0,0,0,0,0,0,0,0,0,1,0,0,0,0,0,0,0,0,0,0,0,0,0,1,0,0,0,1,0,0,0,0,0,0,0,0,0,0,0,0,0,0,0,0,0,0,0,0,0,0,0,0,0,0,1,0,0,0,0,0,0,0,0,0,0,0,0,0,0,1,0,0,0,0,0,0,0,0,0,0,0,0,0,0,0,0
"Giovanni, da Parma",0,0,0,0,0,0,0,0,0,0,0,0,0,0,0,0,0,0,0,0,0,0,0,0,0,0,0,0,0,0,0,0,0,7,0,0,0,0,0,0,0,0,0,0,0,0,0,0,0,0,0,0,0,0,0,0,0,0,0,0,0,0,0,0,0,0,0,0,0,0,0,0,0,0,0,0,0,0,0,0,0,0,0,0,0,0,0,0,0,0,0,0,0,0,0,0,0,0,0,0,0,0,0,0,0,0,0,0,0,0,0,0,0,0,0,0,0,0,0,0,0,0,0,0,0,0,0,0,0,0,0,0,0,0,0,0,0,0,0,0,0,0,0,0,0,0,0,0,0,0,0,0,0,0,0,0,0,0,0,0,0,0,0,0,0,0,0,0,0,0
"Gladden, Washington",0,0,0,0,1,0,4,0,0,0,0,0,0,0,0,0,0,0,0,0,0,0,0,0,0,0,0,0,0,0,1,0,0,2,0,0,0,0,0,0,0,0,0,0,2,0,1,0,0,0,0,0,0,0,0,0,0,0,0,0,0,0,0,0,0,0,3,0,0,0,0,2,0,0,0,0,4,0,0,0,12,0,2,0,1,0,0,0,0,0,0,0,0,0,0,0,0,2,0,0,0,0,0,0,0,0,1,2,0,0,0,2,0,0,0,0,0,10,0,0,0,0,0,0,0,0,0,0,1,0,0,0,0,0,0,0,0,0,0,0,0,0,0,0,0,2,1,0,0,0,0,0,0,2,0,1,0,0,0,0,0,1,0,0,0,0,0,0,0,0
Godel,0,3,0,0,46,0,0,0,0,0,0,0,0,0,4,2,0,0,42,0,2,0,0,0,0,0,0,0,0,0,0,0,0,0,0,4,0,0,0,0,0,0,0,6,0,0,0,105,0,0,0,0,0,0,0,90,0,0,0,1,0,0,0,0,0,0,0,0,4,0,0,0,0,0,5,0,0,0,3,0,0,0,0,0,0,0,0,31,0,3,23,0,1,0,6,0,0,0,25,0,0,0,0,0,0,0,1,0,0,0,0,1,0,8,0,0,7,0,0,0,0,2,11,0,0,0,4,0,0,0,136,0,0,0,0,0,0,0,0,0,0,0,0,0,0,0,0,0,0,0,0,0,0,0,18,0,0,0,11,0,0,0,3,0,78,1,0,9,0,0
"Goethe, Johann Wolfgang von",0,0,0,0,35,0,0,0,0,0,0,0,0,0,0,0,0,0,0,0,6,0,0,0,0,1,0,0,1,0,0,0,0,2,1,1,0,0,0,0,0,0,0,0,0,0,0,0,0,0,0,0,0,0,0,0,0,0,0,1,0,0,1,0,0,0,0,0,1,0,0,0,0,0,0,0,8,0,0,0,0,0,0,0,0,0,0,0,0,0,0,0,0,0,0,0,0,0,0,0,0,0,0,0,0,0,0,1,0,0,0,2,0,37,0,1,0,0,0,0,0,0,0,0,0,1,0,0,0,0,0,0,0,0,1,0,0,2,2,0,0,0,0,0,0,0,0,0,0,4,0,0,0,0,0,1,0,0,0,0,0,0,0,0,0,0,0,0,0,0
"Grimm, Jacob",0,0,0,0,0,0,0,0,0,0,0,2,0,0,0,0,0,0,0,0,0,0,0,0,0,0,0,0,0,0,0,0,0,0,0,0,0,0,0,0,0,0,0,0,0,0,0,0,0,0,0,0,0,0,0,0,0,0,0,0,0,0,0,0,0,0,0,0,0,0,0,0,1,0,0,0,0,0,0,0,0,0,0,0,0,0,0,0,0,0,0,0,0,0,0,0,0,0,0,0,0,0,0,0,0,0,0,0,0,0,0,0,0,0,0,0,0,0,0,0,0,0,0,0,0,0,0,0,0,0,0,0,0,0,0,0,0,0,0,0,0,0,0,0,0,0,0,0,0,0,0,0,0,0,0,0,0,0,0,0,0,0,0,0,0,0,0,0,0,0
"Grote, George",4,0,4,158,1199,0,2,0,0,0,0,0,0,4,0,18,0,15,0,0,0,9,0,0,0,0,0,0,257,13,0,1,0,4,1,18,0,0,302,161,0,0,0,0,0,6,1,10,41,0,2,0,0,1,0,0,0,0,0,0,0,2,5,0,0,0,0,0,21,2,4,0,0,22,51,0,175,0,16,0,0,2,0,0,0,0,0,23,0,3,0,0,0,0,15,26,43,0,187,0,0,1,0,0,0,6,65,105,4,0,0,2,0,9,0,0,0,12,0,1,0,16,1463,48,220,5,47,0,0,2,0,0,0,0,0,0,45,29,2,0,9,0,2,0,0,0,0,0,0,178,0,0,0,0,0,0,0,2,0,14,5,0,12,0,0,0,0,0,0,690
"Haeckel, Ernst",0,0,0,0,10,0,2,1,0,0,0,0,0,0,0,2,0,0,0,0,0,0,0,0,0,0,0,0,0,0,0,2,0,0,81,16,0,0,0,0,0,0,0,0,0,0,0,0,0,1,0,0,0,0,0,0,0,0,0,0,0,31,0,0,0,0,0,0,1,1,0,0,1,0,1,3,0,0,3,0,10,0,0,0,0,0,0,65,0,15,0,0,0,0,1,0,5,3,0,0,0,0,0,0,0,0,0,0,0,0,0,2,0,15,0,0,0,0,0,0,0,0,29,0,0,0,0,0,0,0,0,0,0,3,0,5,0,1,1,0,0,0,18,0,0,11,0,0,0,0,0,0,0,0,0,0,0,2,0,0,1,0,0,0,0,0,0,0,18,0
"Halevy, Daniel",0,0,1,0,5,0,1,0,0,0,0,0,0,0,0,0,0,0,0,0,0,0,0,0,0,0,0,0,0,0,0,0,0,4,3,2,0,0,2,1,0,0,0,0,5,0,0,0,2,0,0,0,0,0,0,0,0,0,0,0,0,48,0,0,0,0,0,0,6,0,0,0,0,0,0,0,13,0,0,0,0,0,0,0,0,0,0,2,1,0,0,0,0,0,0,0,2,0,0,0,0,0,1,0,0,2,1,0,6,0,0,16,0,2,250,0,0,0,0,0,0,3,20,0,2,0,0,0,0,6,0,0,0,12,3,66,0,1,0,0,0,3,2,0,0,9,0,0,5,0,0,0,0,0,0,0,0,0,0,0,9,0,0,0,0,0,0,0,0,0
"Harnack, Adolf von",0,0,0,0,16,0,51,13,0,0,0,0,0,0,0,0,0,2,0,0,0,0,4,0,0,0,0,0,5,4,0,0,0,1,0,0,0,0,1,35,7,0,0,0,0,6,2,1,0,0,19,0,0,0,0,0,0,0,0,0,0,4,0,0,0,0,0,0,8,0,0,0,1,117,0,0,4,0,0,0,0,12,0,0,0,0,0,0,1,0,0,0,0,0,0,9,0,0,0,0,0,0,0,4,0,0,0,0,0,0,0,0,0,0,0,0,0,315,0,0,0,0,262,34,6,0,12,0,0,0,0,0,0,1,0,0,3,4,0,0,0,0,0,0,1,2,0,0,0,2,0,0,0,0,0,1,0,0,0,1,1,0,0,0,0,0,0,0,0,0
"Harrington, James",0,0,0,0,20,0,0,0,0,0,1,0,0,0,0,0,0,0,0,0,0,0,0,0,0,0,0,0,13,0,0,0,0,0,0,0,0,0,1,3,0,0,0,0,0,0,0,0,0,0,0,0,0,0,0,0,0,0,0,0,0,0,0,0,0,0,0,0,0,0,0,0,0,0,2,0,0,0,0,0,0,0,0,0,0,0,0,0,0,0,0,0,0,0,0,0,1,0,0,1,0,0,0,0,0,0,0,2,0,0,0,0,0,0,0,0,0,0,0,0,0,0,4,0,8,0,1,0,0,0,0,0,0,0,0,0,0,1,1,0,0,0,0,0,0,0,0,0,0,0,0,0,0,0,0,0,0,0,0,1,0,0,0,0,0,0,0,0,0,4
"Hegel, Georg Wilhelm Friedrich",0,0,15,54,644,0,10,7,0,1,6,0,0,4,0,35,1,3,0,51,0,1,0,0,0,3,0,0,75,0,4,13,0,36,6,150,0,1,124,36,0,0,0,0,2,5,4,17,15,0,0,0,3,1,0,0,0,0,0,6,0,190,0,0,4,0,0,0,0,75,0,0,0,1,37,0,166,0,68,0,2,14,0,0,0,0,0,598,0,4,34,0,0,0,125,2,1,1,0,1,0,12,1,0,0,19,1,17,2,0,0,12,1,41,6,0,0,2,64,0,0,3,714,114,46,0,3,0,0,24,0,0,0,108,32,32,2,17,98,0,2,44,308,0,0,4,2,0,0,14,0,0,0,0,0,4,2,1,0,26,15,1,1,0,0,1,0,0,0,29
"Herbart, Johann Friedrich",0,0,0,0,0,0,0,0,0,0,0,0,0,0,0,0,0,0,0,0,0,0,0,0,0,0,0,0,6,0,0,0,0,0,0,0,14,0,0,0,0,0,0,0,0,0,0,0,1,0,0,0,0,2,0,0,0,0,0,0,0,0,0,0,0,0,0,0,0,0,0,0,0,0,0,0,10,0,0,0,0,0,0,0,0,0,0,14,0,0,0,0,0,0,0,0,0,0,6,0,0,0,0,0,0,0,0,0,0,0,0,0,0,0,0,0,0,0,0,0,0,0,3,0,0,0,0,0,0,0,0,0,0,0,0,1,0,0,0,0,0,1,4,0,0,0,0,0,0,0,0,0,0,0,0,0,0,0,0,2,0,0,0,0,0,0,0,0,2,1
"Herschel, John F. W. (John Frederick William)",4,0,0,0,18,0,0,0,0,0,2,0,0,0,0,0,0,0,0,0,16,0,0,0,0,0,0,0,2,0,0,0,0,0,0,0,0,0,0,0,0,0,0,0,0,0,4,0,0,4,0,0,0,4,0,0,0,0,0,0,0,0,0,0,0,0,0,0,0,0,0,0,0,0,0,0,0,0,0,0,0,0,0,0,0,0,0,0,0,24,0,0,0,0,0,0,0,0,0,0,0,0,0,0,2,0,0,0,0,0,0,0,0,124,0,0,0,0,0,0,0,4,2,0,0,0,0,0,0,0,0,0,2,2,0,0,0,0,0,0,0,0,0,0,0,0,0,0,0,2,0,0,0,0,0,0,0,0,0,0,0,0,4,0,0,0,0,0,0,0
"Hervey, Walter Lowrie",0,0,0,0,0,0,0,0,0,0,0,0,0,0,0,0,0,0,0,0,0,0,0,1,0,0,0,0,0,0,0,0,0,0,0,0,0,0,0,0,0,0,0,0,1,0,0,0,0,0,0,0,0,0,0,0,0,0,0,0,0,0,0,0,0,0,0,0,0,2,0,0,0,0,0,0,1,0,0,0,0,0,0,0,0,0,0,0,0,0,0,0,0,0,0,0,0,0,0,0,0,0,0,0,0,0,0,0,0,0,0,0,0,0,0,0,0,0,0,0,0,0,0,0,0,0,0,0,0,0,0,0,0,0,0,0,0,0,0,0,0,0,0,2,1,0,0,0,0,0,0,0,0,0,0,1,0,1,0,0,0,0,0,0,0,0,0,0,0,0
"Hippolytus, Antipope",0,0,0,0,77,0,0,1,0,0,0,0,0,0,0,0,0,0,0,0,0,0,0,0,0,0,0,0,6,0,0,0,0,0,0,0,0,0,11,4,0,0,0,0,0,0,0,0,2,0,0,0,0,0,0,0,0,0,0,0,0,0,0,0,0,0,0,0,0,0,0,0,0,0,0,0,20,0,0,0,0,1,0,0,0,0,0,0,0,0,0,0,0,0,0,14,0,0,0,0,0,0,0,0,0,0,0,0,0,0,0,0,0,0,0,0,0,45,0,0,0,0,97,0,11,0,21,0,0,0,0,0,0,0,0,0,0,0,0,0,0,0,0,0,0,0,0,0,0,10,0,0,0,0,0,0,0,0,0,0,0,0,0,0,0,0,0,0,0,0
"Hobbes, Thomas",0,3,1,0,120,0,3,0,0,0,0,1,0,0,0,0,0,0,0,0,5,0,0,0,0,0,0,0,47,0,0,0,0,0,0,0,0,0,0,0,0,0,0,0,0,0,0,19,0,0,0,0,0,0,0,0,0,0,0,0,0,0,0,0,0,0,0,0,0,0,0,0,0,0,0,0,16,0,0,0,0,0,0,0,0,0,0,0,0,0,0,0,0,0,0,2,10,0,0,0,0,0,0,0,0,0,0,0,0,0,0,0,0,0,0,3,0,0,0,0,0,0,33,0,1,0,6,0,0,0,0,0,0,0,0,0,0,3,0,0,0,0,0,0,0,0,0,0,0,0,0,0,0,0,0,0,0,0,0,13,0,0,0,0,0,0,0,0,0,0
"Holbach, Paul Henri Thiry, baron d'",0,0,2,0,21,0,8,3,0,0,0,0,0,0,0,5,0,0,0,0,0,0,0,0,0,0,0,0,14,0,2,1,0,2,0,32,0,0,4,0,0,0,0,0,0,4,1,2,0,0,0,0,0,2,0,0,0,0,0,0,0,2,0,0,0,0,0,0,0,0,0,0,0,0,15,0,5,0,6,0,0,0,0,3,0,0,0,0,0,0,0,0,0,0,14,1,3,0,0,0,0,0,0,0,0,0,0,4,4,0,0,0,0,48,0,0,0,14,0,0,1,18,71,3,1,0,4,0,0,4,0,0,0,0,0,0,0,7,4,0,0,0,3,0,0,0,0,0,0,0,0,0,0,0,0,0,0,0,0,3,29,0,0,0,0,0,0,0,0,1
Homer,0,0,0,0,0,0,0,0,0,0,0,0,0,0,0,0,0,0,0,0,0,0,0,0,0,0,0,0,0,0,0,0,0,0,0,0,0,0,0,0,0,0,0,0,0,0,0,0,0,0,0,0,0,0,0,0,0,0,0,0,0,0,0,0,0,0,0,0,0,0,0,0,0,0,0,0,0,0,0,0,0,0,0,0,0,0,0,0,0,0,0,0,0,0,0,0,0,0,0,0,0,0,0,0,0,0,0,0,0,0,0,0,0,0,0,0,0,0,0,0,0,0,0,0,0,0,0,0,0,0,0,0,0,0,0,0,0,0,0,0,0,0,0,0,0,0,0,0,0,0,0,0,0,0,0,0,0,0,0,0,0,0,0,0,0,0,0,0,0,0
"Hugel, Friedrich, Freiherr von",0,0,3,0,22,0,6,0,0,0,0,0,0,0,1,0,0,0,0,0,0,0,0,1,0,0,0,0,1,0,0,0,5,2,0,3,0,0,0,4,0,0,0,0,0,0,3,0,0,0,0,0,0,0,0,0,0,0,0,26,0,0,0,0,0,0,0,0,0,0,0,0,0,0,1,0,0,0,0,0,0,0,1,0,1,0,0,7,0,0,4,0,0,0,0,0,0,0,0,0,0,0,0,1,0,0,1,0,0,0,0,0,0,1,0,0,0,2,0,0,0,2,59,16,0,0,0,0,0,0,0,0,0,1,2,1,0,0,1,0,0,0,9,0,0,0,0,0,0,0,0,0,0,0,0,0,0,0,0,0,0,0,0,0,0,0,0,0,0,1
"Hume, David",0,0,0,0,7,0,0,1,0,0,0,3,0,0,0,148,0,0,0,0,2,0,0,0,0,0,0,0,55,0,0,2,0,0,0,4,0,0,0,3,0,0,0,0,0,4,0,8,3,0,0,0,0,0,0,0,0,0,0,0,0,0,0,0,0,0,0,4,4,0,0,0,0,0,19,0,5,0,0,0,0,0,0,0,0,0,0,16,0,0,4,0,0,0,284,8,3,0,0,0,0,0,0,0,0,0,0,8,1,0,0,0,0,7,0,0,0,0,0,0,0,2,29,3,7,0,0,0,0,141,0,0,0,0,0,0,0,7,0,0,6,0,20,0,0,0,0,0,0,0,0,0,0,0,0,0,0,0,0,7,4,1,0,0,0,0,0,0,0,7
Husserl,0,0,0,0,0,0,1,0,0,0,0,0,0,0,0,0,0,0,0,0,0,5,0,0,0,0,0,0,0,0,0,0,0,0,0,33,0,0,0,0,0,0,0,0,0,0,0,0,0,0,0,0,0,0,0,0,0,0,0,0,0,0,0,0,0,0,0,0,0,0,0,0,0,0,0,0,0,0,1,0,0,0,0,0,0,0,0,5,0,0,4,0,0,0,0,0,0,0,0,0,0,0,0,0,0,0,0,0,0,0,0,0,0,0,0,0,0,0,0,0,0,0,0,0,0,0,0,0,0,0,0,0,0,0,0,0,0,0,0,0,0,0,0,0,0,0,0,0,0,0,0,0,0,0,0,0,0,0,0,0,0,0,0,0,0,0,0,0,0,0
"Huxley, Thomas Henry",0,1,1,0,9,0,5,2,0,1,3,0,0,0,0,23,0,0,0,0,9,0,2,4,0,6,0,0,6,0,1,0,1,11,427,90,0,0,3,0,0,0,0,0,1,2,7,10,0,3,0,1,0,2,0,0,0,0,0,0,4,16,0,5,3,0,1,1,1,0,2,0,1,0,4,1,6,0,284,0,0,0,1,0,0,0,0,53,0,7,0,4,3,0,12,0,1,0,0,0,0,0,0,1,0,0,2,21,0,1,0,7,0,30,0,0,0,3,0,0,0,6,14,0,1,5,2,0,0,6,0,0,0,2,4,1,0,11,9,0,14,0,15,0,0,7,0,0,0,0,0,0,0,0,0,0,1,2,0,4,6,3,5,0,0,0,2,0,0,0
Iamblichus,0,0,0,0,20,0,0,0,0,0,0,0,0,0,0,0,0,0,0,0,0,0,0,0,0,0,0,0,3,0,0,0,0,0,0,0,0,0,1,14,0,0,0,0,0,1,0,5,1,0,0,0,0,0,0,0,0,0,0,0,0,0,0,0,0,0,0,0,0,0,0,0,0,0,0,0,18,0,0,0,0,0,0,0,0,0,0,0,0,0,0,0,0,0,0,1,0,0,0,0,0,0,0,0,0,0,0,0,0,0,0,0,0,0,0,0,0,0,0,0,0,0,124,17,13,0,1,0,0,0,0,0,0,0,0,0,0,1,0,0,0,0,0,0,0,0,0,0,0,0,0,0,0,0,0,0,0,0,0,3,0,0,0,0,0,0,0,0,0,0
"James, William",0,0,3,0,41,2,26,25,2,0,0,0,0,3,119,90,6,0,2,5,1,16,0,34,0,51,5,0,5,14,6,0,0,15,106,32,84,8,1,6,0,0,0,0,121,8,0,7,0,5,82,1,14,9,4,0,8,0,0,4,0,47,26,23,4,3,8,0,289,71,1,0,0,0,22,0,28,0,135,0,38,0,0,4,3,3,0,254,0,1,0,0,7,1,145,0,0,4,271,0,0,0,0,0,0,0,32,15,0,7,0,21,0,28,16,0,0,0,0,1,0,22,65,4,0,4,0,63,8,15,50,0,0,158,2,32,0,1,43,29,4,2,22,0,0,2,19,0,0,0,6,0,0,79,0,18,2,10,2,4,14,32,1,6,0,84,0,0,275,0
"Jefferson, Thomas",0,0,0,0,0,0,0,0,0,0,0,0,0,0,0,3,0,0,0,0,0,0,5,0,0,0,0,0,4,0,0,0,0,0,0,0,0,0,0,0,0,0,0,0,0,1,0,0,1,0,0,0,1,103,0,0,0,0,0,0,1,0,1,0,0,0,0,1,0,0,9,0,0,0,0,0,4,0,0,0,0,0,5,0,0,0,0,0,0,0,0,0,6,0,0,0,0,0,0,0,0,0,0,0,0,0,0,41,0,0,0,0,3,5,0,0,0,0,0,0,0,0,3,0,0,0,0,0,0,0,0,0,0,0,0,0,0,1,0,0,4,1,0,0,0,0,0,0,0,0,0,0,0,0,0,0,0,0,0,1,1,0,0,0,0,0,0,0,0,4
"Jowett, John Henry",0,0,0,0,0,0,1,0,0,0,0,0,0,0,0,0,0,0,0,0,0,0,0,5,0,2,0,0,0,4,0,0,0,6,0,0,0,0,0,0,0,0,0,0,2,0,0,0,0,0,0,0,0,0,0,0,0,0,0,0,0,0,0,0,0,0,0,0,0,0,0,0,0,0,0,0,0,0,0,0,1,0,0,0,0,0,0,0,0,0,0,0,4,2,0,0,0,3,0,0,0,0,0,1,0,0,0,1,0,0,0,3,0,1,0,0,0,0,0,0,0,0,0,0,0,0,0,0,0,0,0,0,0,0,0,0,0,0,0,0,0,0,0,1,0,0,0,0,0,0,0,0,0,0,0,1,0,0,0,0,0,7,0,0,0,1,0,0,0,0
"Jung, C. G. (Carl Gustav)",0,0,2,2,0,0,30,2,0,0,0,0,0,0,22,0,0,0,0,0,0,2,0,0,0,2,0,0,9,0,2,0,0,4,0,0,0,0,4,0,0,0,0,0,2,0,0,0,2,0,0,0,0,0,22,0,585,0,0,0,0,40,38,0,0,0,0,0,2,0,0,0,0,2,0,0,0,0,0,0,0,0,15,0,2,0,0,16,2,0,3,0,0,0,0,0,0,0,0,0,0,0,0,0,0,0,0,10,0,0,0,3,0,0,145,0,0,0,0,0,0,0,36,20,22,0,0,0,0,0,0,0,0,11,0,32,0,10,5,0,0,4,1,0,0,0,5,0,0,2,0,0,0,0,0,0,0,0,0,6,0,0,0,0,0,0,0,0,13,0
"Kant, Immanuel",0,4,8,0,41,0,7,2,0,0,0,0,0,10,0,20,0,0,0,0,0,0,0,0,0,0,0,0,13,0,0,0,0,10,2,11,0,0,1,0,0,0,0,0,0,0,14,7,0,0,0,0,0,0,0,0,0,0,0,0,0,2,0,0,0,0,0,0,23,0,0,0,0,0,104,0,0,0,144,0,0,0,0,0,0,0,0,0,0,0,20,0,0,0,57,0,1,2,0,4,0,0,0,0,0,0,4,0,1,0,0,20,0,4,0,0,0,10,0,0,0,0,36,0,0,5,0,0,0,78,0,0,0,14,0,10,0,0,0,0,0,0,15,0,0,0,3,0,0,0,0,0,0,0,0,0,0,0,0,6,11,0,4,0,0,0,0,0,0,0
"Keller, Helen",0,0,0,0,0,0,2,0,0,0,0,0,0,0,0,2,0,0,0,0,0,0,0,0,0,4,0,0,0,0,0,0,0,0,1,0,0,1,0,0,0,0,0,0,2,0,0,0,0,0,0,0,0,0,0,0,0,0,0,0,0,0,0,0,0,0,0,0,0,0,0,0,0,0,0,0,0,0,0,0,0,0,0,0,0,0,0,1,0,0,0,0,2,0,0,0,0,0,0,0,0,0,0,0,0,0,0,0,0,0,0,1,0,1,0,0,0,0,0,0,0,0,3,0,0,0,0,0,0,0,0,0,0,0,0,2,0,0,1,0,0,0,1,0,0,0,0,0,0,0,0,0,0,0,0,0,0,0,0,0,0,0,0,0,0,0,0,0,0,0
"Laplace, Pierre Simon, marquis de",0,0,0,0,0,0,0,0,0,0,0,0,0,0,0,0,0,0,0,0,0,0,0,0,0,0,0,0,1,0,0,0,0,0,0,3,0,0,0,0,0,0,0,0,0,0,0,0,0,0,0,0,0,0,0,0,0,0,0,0,0,0,0,0,0,0,0,0,0,0,3,0,0,0,0,0,0,0,0,0,0,0,0,0,0,0,0,0,0,0,0,0,2,0,1,0,0,0,0,0,0,0,0,0,0,0,0,0,0,0,0,0,0,6,0,0,0,0,0,0,0,13,0,0,0,0,1,0,0,0,0,0,0,0,0,0,0,1,0,0,0,0,0,0,0,0,0,0,0,0,0,0,0,0,0,0,0,0,0,0,0,0,0,0,0,0,0,0,0,0
"Leibniz, Gottfried Wilhelm, Freiherr von",0,10,26,0,94,0,104,6,0,0,2,0,0,0,0,8,0,18,0,0,0,0,0,0,0,0,0,0,52,0,0,0,0,0,0,104,0,0,4,4,0,0,0,0,0,4,6,20,8,0,0,0,0,0,0,0,0,0,0,0,0,0,0,0,0,0,0,0,0,0,0,0,0,4,126,0,8,0,0,0,0,0,0,0,0,0,0,0,0,0,0,0,0,0,38,6,6,0,0,4,0,10,0,4,0,0,0,0,0,0,0,0,0,10,0,0,0,30,0,0,0,4,48,0,24,0,2,0,0,0,0,0,0,0,0,0,0,10,0,0,0,2,74,0,0,0,0,0,0,2,0,0,2,0,0,0,0,0,0,2,0,0,0,0,0,0,0,0,0,0
"Liebig, Justus, Freiherr von",0,0,0,0,1,0,0,0,0,0,0,0,0,0,0,0,0,0,0,0,0,0,0,0,0,0,0,0,0,0,0,0,0,0,2,0,0,0,0,0,0,0,0,0,0,0,0,0,0,0,0,0,0,0,0,0,0,0,0,0,0,0,0,0,0,0,0,0,0,0,0,0,0,0,0,0,0,0,0,0,0,0,0,0,0,0,0,0,0,0,0,0,0,0,0,0,0,0,0,0,0,0,0,0,0,0,0,0,0,0,0,2,0,0,0,0,0,0,0,0,0,0,0,0,0,0,0,0,0,0,0,0,0,0,0,0,0,0,0,0,0,0,0,0,0,0,0,0,0,0,0,0,0,0,0,0,0,0,0,0,0,0,0,0,0,0,0,0,0,0
"Lincoln, Abraham",0,0,0,0,0,0,2,0,0,0,0,0,0,0,0,2,0,0,0,0,18,0,41,0,0,1,0,3,2,0,0,0,0,0,0,0,0,0,0,0,0,0,1,0,2,0,0,5,0,0,0,0,1,29,0,0,0,0,0,0,1,0,0,0,0,0,0,2,0,0,0,0,0,0,0,0,2,0,0,0,0,0,5,96,0,0,0,0,0,0,0,0,0,0,0,13,0,0,0,0,0,0,0,0,0,0,3,9,0,11,0,11,0,0,0,0,0,0,0,0,0,0,0,0,0,0,0,0,5,0,7,0,0,0,0,0,0,0,4,0,2,0,0,0,0,0,0,0,0,0,0,0,0,0,0,2,0,0,0,0,1,1,0,0,0,0,0,0,0,0
"Livingstone, W. P. (William Pringle)",0,0,0,0,0,0,0,0,0,0,0,0,0,0,0,0,0,0,0,0,0,0,0,0,0,1,0,0,0,0,0,0,0,0,0,0,0,0,0,0,0,0,0,0,0,0,0,0,0,0,0,0,0,0,0,0,0,0,0,0,0,0,0,0,0,0,0,0,0,0,0,0,0,0,0,0,0,0,0,0,0,0,0,0,0,0,0,0,0,0,0,0,1,0,0,0,0,0,0,0,0,0,0,0,0,0,0,1,0,0,0,0,0,0,0,0,0,0,42,0,0,0,0,0,0,0,0,0,0,0,0,0,0,0,0,0,0,0,0,0,0,0,0,0,0,0,0,0,0,0,0,0,0,0,0,0,0,0,0,0,0,0,0,0,0,0,0,0,0,0
"Locke, John",0,0,0,0,3,0,0,0,0,0,0,0,0,0,0,0,0,0,0,0,2,0,0,0,0,0,0,0,2,0,0,0,0,0,0,4,0,0,0,0,0,0,0,0,0,0,0,5,0,0,0,0,0,0,0,0,0,0,0,0,0,0,0,0,0,0,0,0,0,0,0,0,0,0,0,0,0,0,0,0,0,0,0,0,0,0,0,0,0,0,0,0,0,0,0,1,0,0,0,0,0,0,0,0,0,0,0,3,0,0,0,0,0,4,0,0,0,0,0,0,0,4,10,0,0,0,0,0,0,0,0,0,0,0,0,0,0,0,0,0,0,0,0,0,0,0,0,0,0,0,0,0,0,0,0,0,0,0,0,6,0,0,0,0,0,0,0,0,0,0
"Lucian, of Samosata",0,0,0,2,0,0,0,0,0,0,0,0,0,0,0,0,0,0,0,0,0,0,0,0,0,0,0,0,1,0,0,0,0,0,0,0,0,0,3,0,0,0,0,0,0,0,0,0,0,0,0,0,0,0,0,0,0,0,0,0,0,0,0,0,0,0,0,0,0,0,0,0,0,0,0,0,20,0,0,0,0,0,0,0,0,0,0,0,0,0,0,0,0,0,0,0,0,0,0,0,0,0,0,0,0,0,0,0,0,0,0,0,0,0,0,0,0,0,0,0,0,0,3,0,0,0,0,0,0,0,0,0,0,0,0,0,0,0,0,0,0,0,0,0,0,0,0,0,0,0,0,0,0,0,0,0,0,0,0,0,0,0,0,0,0,0,0,0,0,0
"Lucretius Carus, Titus",0,0,0,0,0,0,0,0,0,0,0,0,0,0,0,0,0,0,0,0,0,0,0,0,0,0,0,0,0,0,0,0,0,0,0,0,0,0,0,0,0,0,0,0,0,0,0,0,0,0,0,0,0,0,0,0,0,0,0,0,0,0,0,0,0,0,0,0,0,0,0,0,0,0,0,0,2,0,0,0,0,0,0,0,0,0,0,0,0,0,0,0,0,0,0,0,0,0,0,0,0,0,0,0,0,0,0,0,0,0,0,0,0,0,0,0,0,0,0,0,0,0,0,0,0,0,0,0,0,0,0,0,0,0,0,0,0,0,0,0,0,0,0,0,0,0,0,0,0,0,0,0,0,0,0,0,0,0,0,0,0,0,0,0,0,0,0,0,0,0
Luther,0,1,0,0,0,0,7,0,0,0,0,0,0,0,0,0,0,0,0,0,0,0,0,0,0,0,0,0,1,0,0,0,0,0,0,0,0,0,0,0,0,0,0,0,0,0,0,0,0,0,0,0,0,0,0,0,0,0,0,0,0,0,0,0,0,0,0,0,0,0,0,0,0,0,0,0,0,0,0,0,0,0,0,0,0,0,0,0,0,0,0,0,0,0,0,0,0,0,0,0,0,0,0,0,0,0,0,0,0,0,0,0,0,0,0,0,0,0,0,0,0,0,0,0,0,0,0,0,0,0,0,0,0,0,0,0,0,0,0,0,0,0,0,0,0,0,0,0,0,0,0,0,0,0,0,0,0,0,0,0,0,0,0,0,0,0,0,0,0,0
"Mach, Ernst",0,0,0,0,4,0,0,1,0,0,1,0,0,0,0,0,0,0,0,1,0,0,0,0,0,0,0,0,2,0,0,0,0,0,22,0,0,0,0,0,0,0,0,0,0,0,0,8,0,7,3,0,0,5,0,0,0,0,0,0,0,3,2,0,4,0,0,0,0,10,0,0,0,0,0,0,0,0,0,0,0,0,1,0,0,0,0,7,0,5,0,3,0,0,2,2,0,2,0,0,0,0,2,0,0,0,4,0,0,0,0,3,0,27,0,0,0,0,0,0,0,0,6,0,0,0,0,0,0,2,0,0,0,2,0,3,0,0,2,0,0,0,0,0,0,0,0,0,0,0,0,0,0,0,0,0,3,0,2,0,4,0,2,0,0,0,0,0,8,2
"Machiavelli, Niccolo",3,1,0,0,8,0,1,0,0,0,0,0,0,0,0,0,0,1,0,0,0,0,0,0,0,0,0,0,7,0,0,0,0,44,0,0,0,0,4,6,0,0,0,0,0,3,3,0,0,0,0,0,0,0,0,0,0,0,0,211,0,0,0,0,0,0,0,0,0,0,0,0,0,0,0,0,0,0,0,0,0,0,0,0,0,0,0,0,0,0,0,0,0,0,0,0,0,6,0,0,0,0,0,0,0,0,0,0,6,0,0,0,0,0,0,0,0,0,0,0,0,0,8,3,2,0,2,0,0,0,0,0,0,0,0,0,0,0,3,0,0,0,0,0,0,0,0,0,0,0,0,0,0,0,0,0,0,0,0,13,0,0,0,0,0,0,0,0,0,38
"Maimon, Solomon",0,0,0,0,2,0,0,0,0,0,0,0,0,0,0,0,0,0,0,0,0,0,0,0,0,0,0,0,0,0,0,0,0,0,0,2,0,0,0,0,0,0,0,0,0,0,0,0,0,0,0,0,0,0,0,0,0,0,0,0,0,1,0,0,0,0,0,0,0,0,0,0,0,0,0,0,2,0,3,0,0,0,0,1,0,0,0,23,0,0,0,0,0,0,6,0,0,0,0,0,0,18,0,0,0,0,0,0,0,0,0,0,0,3,0,0,0,0,0,0,0,0,2,0,0,0,0,0,0,0,0,0,0,0,0,0,0,0,0,0,0,0,7,0,0,0,0,0,0,0,0,0,0,0,0,0,0,0,0,0,0,0,0,0,0,0,0,0,0,0
"Maimonides, Moses",0,0,0,0,179,0,0,0,0,0,0,0,0,0,0,0,0,0,0,0,0,0,0,0,0,0,0,0,0,0,0,0,0,0,0,0,0,0,0,0,0,0,0,0,0,0,0,1,0,0,0,0,0,0,0,0,0,0,0,0,0,0,0,0,0,0,0,0,0,0,0,0,0,0,0,0,0,0,0,0,0,0,0,0,0,0,0,0,0,0,0,0,0,0,0,0,0,0,0,0,0,0,0,0,0,0,0,0,0,0,0,0,0,0,0,0,0,0,0,0,0,0,13,0,0,0,7,0,0,0,0,0,0,0,0,0,0,0,0,0,0,0,0,0,0,0,0,0,0,0,0,0,0,0,0,0,0,0,0,0,0,0,0,0,0,0,0,0,0,0
"Marx, Karl",0,0,0,0,16,0,0,0,0,0,0,0,0,0,0,8,0,0,0,5,0,0,2,0,0,0,0,0,0,0,0,0,0,0,1,0,0,0,0,0,0,0,0,0,0,0,0,0,1,0,0,0,0,9,0,0,0,0,0,0,0,0,1,0,0,0,0,0,8,0,0,0,0,0,1,0,1,0,37,0,0,0,0,0,3,0,0,0,0,0,0,0,0,0,21,0,0,2,0,0,0,0,0,0,0,0,3,0,0,1,0,58,0,0,0,0,0,0,0,0,0,1,5,0,0,0,0,0,0,0,0,0,0,0,0,0,0,0,2,0,25,0,2,0,0,0,0,0,0,0,0,1,0,0,0,0,0,0,0,0,0,0,0,0,0,0,0,0,0,5
"Melanchthon, Philipp",0,14,0,0,6,0,39,0,0,0,0,0,0,0,0,0,0,0,0,0,0,0,0,0,0,0,0,0,0,0,0,0,0,0,0,0,0,0,1,0,0,0,0,0,0,0,0,0,0,0,0,0,0,0,0,0,0,0,0,0,0,0,0,0,0,0,0,0,0,0,0,0,0,0,0,0,0,0,0,0,0,0,0,0,0,0,0,0,0,0,0,0,0,0,0,1,0,0,0,0,0,0,0,0,0,0,0,0,0,0,0,0,0,0,0,0,0,1,0,0,0,0,8,0,0,0,0,0,0,0,0,0,0,0,0,0,0,0,0,0,0,0,0,0,0,0,0,0,0,0,0,0,0,0,0,0,0,0,0,0,0,0,0,0,0,0,0,0,0,0
"Melville, Herman",0,0,0,0,2,0,0,0,0,0,0,8,0,1,0,0,0,0,0,0,0,0,0,1,0,0,0,0,2,0,2,0,0,2,0,0,0,0,0,0,0,0,0,0,0,0,0,2,0,0,0,0,0,1,0,0,0,0,0,0,0,2,0,0,0,0,0,0,0,0,1,0,0,0,1,0,0,0,0,0,0,0,0,1,0,0,0,1,0,0,0,0,0,0,23,0,0,0,0,0,0,0,0,0,0,0,0,0,1,0,0,3,0,0,0,0,14,0,0,0,0,1,7,0,1,0,1,0,0,1,0,0,0,0,0,0,0,1,1,0,0,0,1,0,0,0,0,0,0,0,0,0,0,0,0,6,0,0,0,0,0,0,0,0,0,0,0,0,0,0
"Michelet, Jules",0,0,2,0,0,0,0,0,0,1,0,0,0,0,0,1,0,0,0,0,0,0,0,0,2,0,0,0,0,1,0,0,0,5,0,6,0,0,0,0,0,0,0,0,0,0,1,0,0,0,0,0,0,0,0,0,0,0,0,0,0,1,6,0,0,0,0,0,1,0,0,0,0,0,2,0,0,0,0,0,0,0,0,0,0,0,0,0,0,0,0,0,0,0,0,0,0,0,0,0,0,0,0,0,0,0,0,0,0,0,0,2,0,4,0,0,0,2,0,0,0,7,2,0,0,0,0,0,0,3,0,0,0,0,0,0,0,0,1,0,0,0,0,0,0,0,0,0,0,0,0,0,0,0,0,4,0,0,0,6,10,0,0,0,0,0,0,0,0,0
"Mill, John Stuart",0,0,0,3,139,7,3,14,0,3,0,1,0,167,0,39,0,0,0,1,1,1,0,0,0,36,0,0,43,0,46,3,0,2,14,67,0,0,12,2,0,0,0,0,0,0,0,69,1,23,0,0,0,12,0,0,0,1,0,0,0,5,0,32,0,0,0,0,5,0,46,0,0,0,127,0,5,0,53,0,4,0,1,4,0,0,0,22,0,74,0,34,2,0,88,4,2,0,0,0,0,0,4,0,0,2,0,10,0,2,0,18,0,221,0,0,0,0,0,0,0,1,112,0,2,13,4,0,0,18,4,0,0,1,0,0,0,0,0,3,84,1,10,0,0,0,0,0,0,0,0,14,0,0,0,0,1,0,12,1,6,3,482,0,0,0,0,0,0,5
"Milton, John",1,0,1,2,1,0,0,0,0,0,1,0,0,0,0,0,0,0,0,0,0,0,0,0,0,0,0,0,5,0,0,0,0,0,0,0,0,0,1,3,0,0,0,0,0,0,0,0,1,0,0,0,0,0,0,0,0,0,0,0,0,0,0,0,0,0,0,0,0,0,0,0,0,0,0,0,2,0,0,0,0,0,0,0,0,0,0,0,0,0,0,0,0,0,0,0,1,0,0,0,0,0,0,0,0,0,0,0,0,0,0,0,0,0,0,0,0,0,0,0,0,0,7,0,0,0,0,0,0,0,0,0,0,0,0,0,0,0,0,0,0,0,0,0,0,0,0,0,0,0,0,0,0,0,0,0,0,0,0,0,0,0,0,0,0,0,0,0,0,0
"Montaigne, Michel de",2,0,2,2,91,0,8,3,0,0,0,1,0,0,0,0,0,0,0,0,0,0,0,0,0,0,0,0,235,0,0,0,0,3,0,0,0,0,49,24,0,0,0,0,0,2,3,0,6,0,0,0,0,0,0,0,0,0,0,0,0,0,0,0,0,0,0,0,0,0,0,0,0,1,4,0,36,0,0,0,0,0,0,0,0,0,0,0,0,0,0,0,0,0,0,1,74,0,0,2,0,0,0,0,0,0,0,0,0,0,0,0,0,0,0,0,0,2,0,0,0,1,232,0,148,0,5,0,0,0,0,0,0,0,0,0,0,156,2,0,0,3,0,0,0,0,0,0,0,9,0,0,0,0,0,0,0,0,0,49,0,0,0,0,0,0,0,0,0,41
"Moore, G. E. (George Edward)",0,0,0,0,19,0,0,0,0,0,0,0,0,20,0,10,0,0,0,0,0,4,0,0,0,0,0,0,0,0,0,0,0,0,8,0,0,0,0,0,0,0,0,0,0,0,0,0,0,0,0,0,0,0,0,0,0,0,0,0,0,0,0,0,0,0,0,0,7,0,0,0,0,0,2,0,0,0,38,0,0,0,5,0,0,0,0,33,0,0,4,0,0,0,1,2,0,0,0,0,0,0,0,0,0,0,0,0,0,0,0,2,0,0,0,0,0,0,0,0,0,0,7,0,0,0,0,0,0,2,19,0,0,0,0,0,0,0,1,71,0,0,3,0,0,0,0,0,0,0,0,0,0,0,0,0,0,2,0,0,0,0,0,0,2,0,0,0,0,0
"Mussolini, Benito",0,0,0,0,0,0,0,0,0,0,0,0,0,0,2,0,0,0,0,0,0,0,0,0,0,0,0,0,1,0,0,0,4,12,0,0,0,0,0,0,0,0,0,0,0,0,0,0,0,0,0,0,0,0,0,0,0,0,0,21,0,2,0,0,0,0,0,0,0,0,0,0,0,0,0,0,0,0,0,0,0,0,0,0,0,0,0,0,0,0,0,0,0,0,0,0,0,0,0,3,0,0,9,0,0,0,0,0,0,0,0,5,0,0,0,0,0,0,0,0,0,1,3,0,0,0,0,0,3,0,0,0,0,0,0,0,0,0,1,0,0,0,0,0,0,0,0,0,0,0,0,0,0,4,0,0,0,0,0,1,0,0,0,0,0,0,0,0,0,0
"Nassau, Robert Hamill",0,0,0,0,0,0,0,0,0,0,0,0,0,0,0,0,0,0,0,0,0,0,0,0,0,0,0,0,0,0,0,0,0,0,0,0,0,0,0,0,0,0,0,0,0,0,0,0,0,0,0,0,0,0,0,0,0,0,0,0,0,0,0,0,0,0,0,0,0,0,0,0,0,0,0,0,0,0,3,0,0,0,0,0,0,0,0,0,0,0,0,0,0,1,0,0,0,1,0,0,0,0,0,0,0,0,0,0,0,0,0,0,0,0,0,0,0,0,0,0,0,0,0,0,0,0,0,0,0,0,0,0,0,0,0,0,0,0,0,0,0,0,0,0,0,0,0,0,0,0,0,0,0,0,0,0,0,0,0,0,0,0,0,0,0,0,0,0,0,0
"Nietzsche, Friedrich Wilhelm",0,0,2,20,85,0,15,3,0,0,0,1,0,1,0,0,0,0,0,0,0,0,0,2,0,30,0,0,12,0,0,6,0,21,114,37,0,0,15,1,0,2,0,0,6,15,3,4,121,0,0,0,0,0,0,0,0,0,0,0,0,495,4,0,0,6,0,0,143,4,0,0,0,0,4,0,377,0,17,0,2,0,0,0,2,4,0,339,6,0,11,0,0,1,7,2,6,0,0,9,0,2,0,2,0,4,11,6,26,2,0,103,0,8,0,0,14,0,0,0,0,98,386,0,12,0,0,0,4,131,0,0,0,145,12,762,0,11,79,0,0,59,82,0,0,398,2,0,0,2,0,0,0,6,0,20,0,0,0,0,108,1,0,1,4,0,8,0,0,0
Nostradamus,0,0,0,0,0,0,0,0,0,0,0,0,0,0,0,0,0,0,0,0,0,0,0,0,0,0,0,0,0,0,0,0,0,0,0,0,0,0,0,0,0,0,0,0,0,0,0,0,0,0,0,0,0,0,0,0,0,0,0,0,0,0,0,0,0,0,0,0,0,0,0,0,0,0,0,0,0,0,0,0,0,0,0,0,0,0,0,0,0,0,0,0,0,0,0,0,0,0,0,0,0,0,0,0,0,0,0,0,1,0,0,0,0,0,0,0,0,0,0,0,0,0,0,0,0,0,0,0,0,0,0,0,0,0,0,0,0,0,0,0,0,0,0,0,0,0,0,0,0,0,0,0,0,0,0,0,0,0,0,0,0,0,0,0,0,0,0,0,0,0
Origen,0,0,0,1,14,0,0,1,0,0,0,0,0,0,0,0,0,0,0,0,0,0,0,0,0,0,0,0,2,0,0,0,0,0,0,0,0,0,3,3,0,0,0,0,0,6,0,0,11,0,0,0,0,0,0,0,0,0,0,0,0,0,0,0,0,0,0,0,0,0,0,0,0,1,0,0,42,0,0,0,0,0,0,0,0,0,0,0,0,0,0,0,0,0,0,1,0,0,0,0,0,0,0,0,0,0,0,0,0,0,0,0,0,0,0,0,0,0,0,0,0,0,171,0,5,0,1,0,0,0,0,0,0,0,0,0,0,0,0,0,0,2,0,0,0,0,0,0,0,0,0,0,0,0,0,0,0,0,0,0,0,0,0,0,0,0,0,0,0,0
"Orr, Charles Ebert",0,0,0,0,0,0,0,0,0,0,0,0,0,0,0,0,0,0,0,0,0,0,0,0,0,0,0,0,0,3,0,0,0,0,0,0,0,0,0,0,0,0,0,0,0,0,0,0,0,0,0,0,0,0,0,0,0,0,0,0,3,0,0,0,0,0,0,0,0,0,0,0,0,0,0,0,0,0,0,0,0,0,0,0,0,0,0,0,0,0,0,0,0,0,0,0,0,0,0,0,0,0,0,0,0,0,0,0,0,0,0,0,0,0,0,0,0,0,0,0,0,0,0,0,0,0,0,0,0,0,0,0,0,0,0,0,0,0,0,0,0,0,0,0,0,0,0,0,0,0,0,0,0,0,0,7,0,0,0,0,0,1,0,0,0,0,0,0,0,0
Oxonian,0,2,0,1,7,0,2,1,0,2,0,0,0,0,0,0,0,1,0,0,4,0,0,0,0,0,0,0,14,0,0,0,0,0,1,0,0,0,0,1,0,0,0,0,0,0,0,0,1,0,0,0,0,1,0,0,0,0,0,0,0,0,0,0,0,0,0,0,0,0,0,0,0,1,2,0,9,0,0,0,0,0,0,0,0,0,0,0,0,0,0,0,0,0,4,2,2,0,0,0,0,0,0,0,0,0,0,2,0,0,0,0,0,1,0,1,0,2,0,0,0,0,9,1,13,0,0,0,0,0,0,0,0,0,0,0,0,0,1,0,0,1,1,0,0,0,1,0,0,5,0,0,0,0,0,0,0,0,0,6,0,0,0,0,0,0,0,0,0,2
"Paine, Thomas",0,0,0,0,12,0,19,0,0,0,0,0,0,4,0,0,0,0,0,0,0,0,0,3,0,2,0,0,5,0,0,5,0,0,0,5,0,0,0,2,0,0,0,0,0,0,0,45,0,0,0,0,0,111,0,0,0,0,0,0,0,0,0,0,0,0,0,4,0,0,5,0,0,0,0,0,83,0,4,0,25,0,0,90,0,0,0,20,0,0,0,0,7,0,13,0,0,0,0,0,0,0,0,0,2,0,0,3,2,0,0,12,0,16,0,0,0,0,0,0,0,0,12,0,0,41,0,0,0,11,0,0,0,0,0,0,0,0,0,0,0,0,5,0,0,5,0,0,0,0,0,0,0,0,0,5,0,0,0,0,12,0,0,0,0,0,0,0,0,0
"Pascal, Blaise",0,2,13,0,18,0,135,2,0,0,0,0,0,0,0,0,0,0,0,0,0,0,0,2,0,0,0,0,41,0,0,0,0,0,0,40,0,0,0,1,0,0,0,0,0,34,0,0,0,0,0,0,0,0,0,0,0,0,0,0,0,0,0,0,0,0,0,0,0,0,0,0,0,0,2,0,13,0,0,0,0,0,0,0,0,0,0,0,0,0,0,0,0,0,0,1,0,0,0,0,0,4,0,0,0,0,0,5,256,0,0,0,0,2,0,0,0,5,0,0,0,0,32,0,4,0,28,0,0,0,0,0,0,0,0,0,0,21,2,0,0,0,0,0,0,0,0,0,0,0,0,0,0,0,0,0,0,0,0,4,24,0,0,0,0,0,0,0,0,0
Plato,0,0,0,155,624,0,0,0,0,0,0,0,0,0,0,0,0,0,0,0,0,0,0,0,0,0,0,0,0,0,0,0,0,0,0,0,0,0,1,0,0,0,0,0,0,0,0,27,78,0,0,0,0,0,0,0,0,0,0,0,0,0,0,0,0,0,0,0,0,0,0,0,0,0,0,0,1175,0,0,0,0,0,0,0,0,0,0,0,0,0,0,0,0,0,0,0,0,0,0,0,0,0,0,0,0,0,0,0,0,0,0,0,0,0,0,0,0,0,0,0,0,0,0,0,0,0,0,0,0,0,0,0,0,0,0,0,0,0,0,0,0,87,0,0,0,0,0,0,0,1,0,0,0,0,0,0,0,0,0,0,0,0,0,0,0,0,0,0,0,99
Plotinus,0,0,0,0,196,0,0,8,0,0,0,0,0,0,0,0,0,0,0,0,0,0,0,0,0,0,0,0,33,0,0,0,0,0,0,0,0,0,4,2,0,0,0,0,0,6,0,0,0,0,0,0,0,0,0,0,0,0,0,0,0,0,0,0,0,0,0,0,0,0,0,0,0,0,0,0,13,0,0,0,0,1,0,0,0,0,0,0,0,0,0,0,0,0,0,1,3,0,0,0,0,0,0,0,0,0,0,0,0,0,0,0,0,0,0,0,0,10,0,0,0,0,577,0,23,0,3,0,0,0,0,0,0,0,0,0,0,14,0,0,0,1,0,0,0,0,0,0,0,1,0,0,0,0,0,0,0,0,0,3,0,0,0,0,0,0,0,0,0,0
Plutarch,0,0,0,38,175,0,0,4,0,0,0,0,0,0,0,0,0,0,0,0,0,0,0,0,0,0,0,0,55,0,0,0,0,0,0,0,0,0,78,0,0,0,0,0,0,5,0,2,248,0,0,0,0,0,0,0,0,0,0,0,0,0,0,0,0,0,0,0,0,0,0,0,0,0,0,0,439,0,0,0,0,0,0,0,0,0,0,0,0,0,0,0,0,0,0,8,11,0,0,0,0,0,0,0,0,0,0,0,0,0,0,0,0,0,0,0,0,0,0,0,0,0,622,0,0,0,68,0,0,0,0,0,0,0,0,0,0,140,0,0,0,110,0,0,0,0,0,0,0,47,0,0,0,0,0,0,0,0,0,6,0,0,0,0,0,0,0,0,0,54
"Priestley, Joseph",0,0,0,0,0,0,0,0,0,0,0,0,0,0,0,0,0,0,0,0,3,0,0,0,0,0,0,0,0,0,0,0,0,0,0,0,0,0,0,0,0,0,0,0,0,0,0,0,0,0,0,0,0,8,0,0,0,0,0,0,0,0,0,0,0,0,0,0,0,0,0,0,0,0,0,0,0,0,0,0,0,0,0,0,0,0,0,0,0,0,0,0,0,0,0,0,0,0,0,0,0,0,0,0,0,0,0,0,0,0,0,0,0,8,0,0,0,0,0,0,0,0,0,0,0,0,0,0,0,0,0,0,0,0,0,0,0,0,0,0,0,0,0,0,0,0,0,0,0,0,0,0,0,0,0,0,0,0,0,0,0,0,0,0,0,0,0,0,0,0
Ptolemy,0,0,0,0,2,0,0,0,0,0,0,0,0,0,0,0,0,0,0,0,0,0,0,0,0,0,0,0,6,0,0,0,0,0,0,0,0,0,0,0,0,0,0,0,0,0,0,0,0,0,0,0,0,0,0,0,0,0,0,0,0,0,0,0,0,0,0,0,0,0,0,0,0,0,0,0,0,0,0,0,0,0,0,0,0,0,0,0,0,0,0,0,0,0,0,0,0,0,0,0,0,0,0,0,0,0,0,0,0,0,0,0,0,0,0,0,0,0,0,0,0,0,5,0,0,0,0,0,0,0,0,0,0,0,0,0,0,0,0,0,0,0,0,0,0,0,0,0,0,0,0,0,0,0,0,0,0,0,0,5,0,0,0,0,0,0,0,0,0,0
"Roosevelt, Theodore",0,0,0,0,1,0,0,0,0,0,0,0,0,0,0,3,0,0,0,0,0,0,1,3,0,1,2,0,0,0,0,0,0,0,1,0,44,16,0,0,0,0,0,0,2,0,0,0,0,0,0,0,0,3,0,0,0,0,0,0,0,1,0,0,0,0,0,0,0,0,0,0,0,0,0,0,1,0,0,0,0,0,1,13,0,0,0,0,0,0,0,0,95,0,0,0,0,0,0,5,0,0,0,0,0,0,0,7,0,2,0,7,0,0,0,0,0,0,0,0,0,0,1,0,0,0,0,0,0,0,5,0,0,0,0,0,0,0,0,0,0,0,0,0,0,0,0,22,0,0,0,0,0,0,0,1,0,0,0,0,0,1,0,0,0,0,0,0,0,0
"Rousseau, Jean-Jacques",0,0,0,0,21,0,0,0,0,0,0,3,0,2,0,0,0,0,0,0,0,0,2,0,0,0,0,0,8,6,0,0,0,0,0,6,0,0,5,2,0,0,0,0,0,0,0,0,0,0,0,0,0,0,0,0,0,0,0,0,0,2,0,0,0,0,0,2,8,0,0,0,0,0,75,0,2,0,0,0,0,0,0,0,0,0,0,26,0,0,0,0,0,0,32,0,0,0,0,0,0,0,0,0,0,0,0,4,10,0,0,0,0,2,0,0,0,0,0,0,0,0,33,0,4,0,0,0,0,0,0,0,0,0,0,0,0,0,0,0,0,0,2,0,0,0,0,0,0,0,0,0,0,0,0,0,0,0,0,1,14,0,0,0,0,0,0,0,0,4
"Russell, Bertrand",0,0,3,0,61,0,2,3,1,0,0,0,0,1,114,120,0,0,8,16,3,15,0,0,0,18,0,0,1,15,4,35,0,6,33,124,14,0,0,0,0,0,0,100,0,0,0,366,0,9,0,4,2,2,0,23,12,0,1,0,3,2,0,0,0,0,0,0,99,12,0,0,0,0,3,0,13,0,81,0,0,0,40,0,2,1,0,290,1,8,104,0,0,0,54,0,0,0,55,0,0,0,108,0,0,1,6,4,2,8,0,41,0,88,17,0,0,0,0,0,0,0,138,1,0,0,0,12,3,21,0,0,0,6,0,0,0,0,17,0,0,0,55,0,1,0,0,0,0,0,0,0,0,9,0,0,0,0,0,1,3,0,0,0,27,5,0,11,2,0
Sartre,0,0,0,0,2,0,0,0,0,0,0,0,0,0,28,4,0,0,0,0,0,2,0,0,0,0,0,0,0,0,0,0,2,0,0,51,0,0,0,0,0,0,0,4,0,0,0,2,0,0,0,1,0,0,0,0,29,0,0,0,0,0,2,0,0,0,0,0,105,0,0,0,0,0,0,0,0,0,3,74,0,0,3,0,0,1,6,54,0,2,35,0,0,0,0,0,0,0,0,0,0,0,5,0,0,0,1,0,0,0,0,3,0,2,4,0,0,0,0,0,0,3,27,0,0,0,0,0,0,5,0,0,0,2,0,3,0,0,0,0,0,5,23,0,0,0,0,0,0,0,0,0,0,0,0,0,0,0,0,0,0,0,0,0,0,0,0,0,0,0
"Scheele, Carl Wilhelm",0,0,0,0,0,0,0,0,0,0,0,0,0,0,0,0,0,0,0,0,0,0,0,0,0,0,0,0,0,0,0,0,0,0,0,0,0,0,0,0,0,0,0,0,0,0,0,0,0,0,0,0,0,0,0,0,0,0,0,0,0,0,0,0,0,0,0,0,0,0,0,0,0,0,0,0,0,0,0,0,0,0,0,0,0,0,0,0,0,0,0,0,0,0,0,0,0,0,0,0,0,0,0,0,0,0,0,0,0,0,0,0,0,0,0,0,0,0,0,0,0,0,0,0,0,4,0,0,0,0,0,0,0,0,0,0,0,0,0,0,0,0,0,0,0,0,0,0,0,0,0,0,0,0,0,0,0,0,0,0,0,0,0,0,0,0,0,0,0,0
"Schiller, Friedrich",0,0,0,8,11,0,0,2,0,0,0,0,0,0,0,2,0,0,0,0,1,0,4,0,0,0,0,0,12,0,0,1,0,15,0,6,0,0,4,0,0,0,0,0,0,4,0,0,7,0,0,0,0,1,0,0,0,0,0,0,0,85,0,0,0,0,0,0,14,0,0,0,0,0,0,0,43,0,0,0,8,0,0,0,0,0,0,68,0,0,0,0,0,0,2,7,7,0,0,0,0,0,0,0,0,0,0,8,76,0,0,3,0,4,0,0,0,0,0,0,0,3,37,2,3,0,0,0,0,7,0,0,0,0,3,0,0,15,21,0,1,4,3,0,0,0,0,0,0,0,0,0,0,0,0,2,0,0,0,24,11,0,0,0,0,0,0,0,0,2
"Schlegel, Friedrich von",0,0,2,1,25,0,1,5,1,0,0,0,0,0,0,0,0,1,0,0,0,0,0,0,0,0,0,0,7,0,0,9,0,5,0,2,0,0,0,0,0,0,0,0,0,0,0,1,1,0,0,0,0,0,0,0,0,0,0,0,0,6,1,0,0,0,0,0,6,0,0,0,0,0,0,0,20,0,1,0,0,0,0,0,0,0,0,3,0,0,0,0,0,0,3,0,1,0,0,2,0,0,0,0,0,1,0,2,0,0,0,0,0,0,0,0,0,1,0,0,0,1,95,0,0,0,1,0,0,5,0,0,0,4,0,0,0,0,0,0,0,3,4,0,0,0,0,0,0,0,0,3,0,0,0,0,0,0,0,3,2,0,1,0,0,0,0,0,0,3
"Schopenhauer, Arthur",0,0,1,3,268,0,41,11,0,2,0,0,0,0,0,36,0,2,0,2,2,0,6,4,0,8,0,4,48,0,16,8,0,27,0,97,0,0,48,3,0,0,0,0,4,12,0,45,21,2,22,0,3,7,0,0,0,0,0,0,0,257,6,0,0,0,0,0,118,7,22,0,0,4,44,4,41,0,80,0,0,4,0,0,0,6,0,1541,0,14,0,10,4,0,91,12,21,2,0,16,4,0,0,2,0,10,4,15,13,4,0,48,2,58,0,0,0,3,0,0,1,13,421,21,34,16,3,0,0,55,0,0,0,59,22,0,0,73,94,0,6,14,171,0,2,8,0,0,0,16,0,0,0,0,0,0,0,0,0,7,76,2,3,0,0,0,2,0,0,14
"Schwegler, Albert",0,0,0,10,132,0,0,2,0,0,1,0,0,0,0,8,0,0,0,0,0,0,0,0,0,0,0,0,7,0,0,0,0,0,3,32,0,0,4,3,0,0,0,0,0,0,0,7,3,2,0,1,0,1,0,0,0,0,0,0,0,1,1,2,0,0,0,0,79,33,0,0,0,0,0,2,3,0,19,0,2,0,0,0,0,0,0,150,0,0,0,0,0,0,39,0,1,0,0,0,0,0,0,0,0,0,0,0,0,0,0,0,0,2,0,0,0,0,0,0,0,0,250,10,1,0,0,0,0,3,0,0,0,3,2,0,0,1,0,0,0,0,47,0,0,0,0,0,0,1,0,0,0,0,0,0,0,9,0,0,3,0,0,0,0,0,0,0,0,20
"Seneca, Lucius Annaeus",0,0,0,1,23,0,0,1,0,0,0,0,0,0,0,0,0,0,0,0,0,0,0,0,0,0,0,0,25,0,0,0,0,0,0,0,0,0,29,0,0,0,0,0,0,0,0,0,1,0,0,0,0,0,0,0,0,0,0,0,0,0,0,0,0,0,0,0,0,0,0,0,0,0,0,0,15,0,0,0,0,0,0,0,0,0,0,0,0,0,0,0,0,0,0,0,2,0,0,0,0,0,0,0,0,0,0,0,0,0,0,0,0,0,0,0,0,0,0,0,0,0,62,0,3,0,3,0,0,0,0,0,0,0,0,0,0,0,0,0,0,0,0,0,0,0,0,0,0,4,0,0,0,0,0,0,0,0,0,8,0,0,0,0,0,0,0,0,0,3
"Shakespeare, William",0,0,0,0,2,0,0,0,0,0,0,1,0,0,0,0,0,0,0,0,0,0,0,0,0,0,0,0,33,0,0,0,0,0,0,0,0,0,0,0,0,0,0,0,0,0,0,0,0,0,0,0,0,0,0,0,0,0,0,0,0,0,0,0,0,0,0,0,0,0,0,0,0,0,0,0,0,0,0,0,0,0,0,0,0,0,0,0,0,0,0,0,0,0,0,0,3,0,0,0,0,0,0,0,0,0,0,0,0,0,0,0,0,0,0,0,0,0,0,0,0,0,0,0,0,0,3,0,0,0,0,0,0,0,0,0,0,5,0,0,0,0,0,0,0,0,0,0,0,0,0,0,0,0,0,0,0,0,0,0,0,0,0,0,0,0,0,0,0,0
"Sidgwick, Henry",0,0,0,0,35,0,0,2,0,0,0,0,0,50,0,2,0,0,0,0,0,0,0,0,0,0,0,0,2,0,0,0,0,0,0,3,0,0,1,0,0,0,0,0,0,0,0,0,0,0,0,0,0,0,0,0,0,0,0,0,0,0,0,4,0,0,0,0,0,0,0,0,0,0,19,0,0,0,29,0,0,0,0,0,0,0,0,99,0,0,0,0,0,0,7,0,0,0,0,0,0,0,0,0,0,0,0,0,0,0,0,0,0,0,0,0,0,0,0,0,0,0,26,0,2,2,0,0,0,4,0,0,0,1,0,0,0,1,0,0,5,0,6,0,0,0,0,0,0,0,0,0,0,0,0,0,0,0,1,0,0,0,9,0,0,0,0,0,3,0
"Smith, Adam",0,0,0,0,73,0,2,0,0,1,0,0,0,0,0,0,0,0,0,0,0,0,0,0,0,0,0,0,37,0,0,0,0,0,0,0,0,0,5,0,0,0,2,0,0,10,0,0,1,0,0,0,0,1,0,0,0,0,0,0,0,0,0,0,0,0,0,0,0,0,0,0,0,4,8,0,3,0,1,0,0,0,0,0,0,0,0,0,0,0,0,0,0,0,5,1,2,0,0,0,0,0,0,0,0,0,0,10,0,0,0,0,0,21,0,0,0,0,0,0,0,2,84,0,5,0,32,0,0,5,0,0,0,0,0,0,0,12,0,0,0,0,0,0,0,0,0,0,0,0,0,0,0,0,0,0,0,0,0,2,10,0,0,0,0,0,0,0,0,0
Sophocles,0,0,0,0,1,0,0,0,0,0,0,0,0,0,0,0,0,0,0,0,0,0,0,0,0,0,0,0,0,0,0,0,0,0,0,0,0,0,0,0,0,0,0,0,0,0,0,0,9,0,0,0,0,0,0,0,0,0,0,0,0,0,0,0,0,0,0,0,0,0,0,0,0,0,0,0,0,0,0,0,0,0,0,0,0,0,0,0,0,0,0,0,0,0,0,0,0,0,0,0,0,0,0,0,0,0,0,0,0,0,0,0,0,0,0,0,0,0,0,0,0,0,0,0,0,0,0,0,0,0,0,0,0,0,0,0,0,0,0,0,0,0,0,0,0,0,0,0,0,0,0,0,0,0,0,0,0,0,0,0,0,0,0,0,0,0,0,0,0,0
"Spinoza, Benedictus de",0,0,0,0,6,0,0,0,0,0,0,0,0,0,0,0,0,0,0,0,1,0,0,0,0,0,0,0,3,0,0,0,0,2,0,12,0,0,0,0,0,0,0,0,0,0,0,13,0,0,0,0,0,0,0,0,0,0,0,0,0,0,0,0,0,0,0,0,0,0,0,0,0,0,2,0,0,0,0,0,0,0,0,0,0,0,0,0,0,0,0,0,0,0,0,0,0,0,0,2,0,33,0,0,0,0,0,0,0,0,0,0,0,0,0,0,0,0,0,0,0,0,6,0,0,0,0,0,0,2,0,0,0,0,0,0,0,8,0,0,0,0,0,0,0,0,0,0,0,0,0,0,0,0,0,0,0,0,0,0,1,0,0,0,0,0,0,0,0,0
"Spurgeon, Caroline F. E. (Caroline Frances Eleanor)",0,0,1,0,0,0,5,0,0,0,1,0,0,0,13,0,0,0,0,0,0,0,0,2,0,18,0,0,0,0,26,0,0,0,0,2,0,0,0,9,0,0,0,0,4,0,0,0,0,0,0,0,0,0,0,0,0,0,0,0,0,4,0,0,0,0,0,0,4,0,0,0,0,0,0,0,0,1,0,0,0,0,5,0,1,0,0,4,0,0,0,0,0,0,0,0,0,0,0,0,0,0,0,0,0,0,0,5,0,0,0,0,0,4,0,0,0,0,0,0,0,2,52,32,0,0,0,0,0,0,0,0,0,0,1,0,0,0,4,0,0,0,2,0,1,0,20,0,0,0,0,0,0,0,0,0,0,0,0,0,0,0,0,0,0,0,0,0,0,0
"Stoughton, John",0,2,1,0,1,0,3,1,0,0,0,0,0,0,0,0,0,0,0,0,0,0,0,11,0,2,0,0,4,0,1,0,0,0,0,0,0,0,0,0,0,0,0,0,0,0,0,0,0,0,0,0,5,2,0,0,0,0,0,1,1,0,0,0,0,0,0,0,0,0,0,0,0,0,0,0,6,0,2,0,0,0,1,0,1,0,0,0,0,0,0,0,6,0,0,0,0,4,0,0,0,0,0,0,0,0,0,8,0,4,0,11,0,4,0,0,0,0,0,0,0,0,3,0,0,1,0,0,0,0,7,0,0,0,0,0,0,0,6,0,0,0,0,1,0,0,0,0,0,0,0,0,0,0,0,1,0,0,0,1,0,14,0,3,0,0,0,0,0,1
"Strauss, David Friedrich",0,0,2,2,4,0,14,2,0,0,0,0,0,0,0,0,0,0,0,0,0,0,0,0,0,0,0,0,0,0,0,0,0,0,0,0,0,0,0,0,0,0,0,0,0,0,8,0,0,0,0,0,0,0,0,4,0,0,0,0,0,0,0,0,0,0,0,0,8,0,0,0,0,0,0,0,10,0,0,0,0,0,0,0,0,0,0,40,0,0,0,0,0,0,0,8,0,0,430,0,0,2,0,0,0,0,0,0,0,0,0,0,0,0,0,0,0,96,0,0,0,0,32,0,4,0,0,0,0,0,0,0,0,4,0,0,0,0,0,0,0,0,14,0,0,0,0,0,0,0,0,0,2,0,0,0,0,0,0,6,0,0,0,0,0,0,0,0,0,4
"Swedenborg, Emanuel",0,0,0,0,5,0,0,0,0,0,0,0,0,0,0,0,0,0,0,0,0,0,0,0,0,0,0,0,1,0,0,0,0,0,0,0,0,0,3,0,0,0,0,0,0,0,0,0,0,0,0,0,0,0,0,0,0,0,0,0,0,0,0,0,0,0,0,0,0,0,0,0,0,0,0,0,0,0,0,0,0,0,0,0,0,0,0,0,0,0,0,0,0,0,0,0,0,0,0,1,0,0,0,0,0,0,0,0,0,0,0,0,0,2,0,0,0,0,0,0,0,0,6,0,0,0,0,0,0,0,0,0,0,0,0,0,0,0,0,0,0,0,0,0,0,0,0,0,0,0,0,0,0,0,0,0,0,0,0,0,0,0,0,0,0,0,0,0,0,2
"Taft, William H. (William Howard)",0,0,0,0,1,0,0,0,0,0,0,0,0,0,0,0,0,0,0,0,0,0,0,1,0,0,0,0,1,0,0,0,0,0,0,0,0,0,0,0,0,0,0,0,0,0,0,0,0,0,0,0,0,0,0,0,0,0,0,0,0,0,0,0,0,0,0,0,0,0,0,0,0,0,0,0,0,0,0,0,0,0,0,3,0,0,0,0,0,0,0,0,3,0,0,0,0,0,0,0,0,0,0,0,0,0,0,3,0,0,0,3,0,0,0,0,0,0,0,0,0,0,0,0,0,0,0,0,2,0,0,0,0,0,0,2,0,0,1,0,1,0,0,0,0,0,0,0,0,0,0,0,0,0,0,0,0,0,0,0,0,0,0,0,0,0,0,0,0,0
"Taine, Hippolyte",0,0,0,2,1,0,0,0,0,0,0,0,0,0,0,0,0,0,0,0,0,0,0,0,0,0,0,0,0,13,0,0,0,5,1,0,0,0,0,1,0,0,0,0,0,0,0,0,2,0,6,0,1,0,0,0,0,0,0,0,1,4,1,2,0,0,0,0,0,0,0,0,4,0,0,0,2,0,0,0,0,0,0,0,0,0,0,0,0,1,0,0,0,0,0,1,0,0,0,0,0,0,0,0,0,1,0,0,0,0,0,221,0,0,0,0,0,0,0,0,0,1,2,0,3,0,0,0,0,7,0,0,0,0,0,0,0,0,4,0,2,2,0,0,0,0,0,0,0,0,0,2,0,0,0,0,0,0,0,0,4,0,0,0,0,0,0,0,0,1
Theophrastus,0,0,0,0,23,0,0,0,0,0,0,0,0,0,0,0,0,0,0,0,0,0,0,0,0,0,0,0,0,0,0,0,0,0,0,0,0,0,3,0,0,0,0,0,0,0,0,0,0,0,0,0,0,0,0,0,0,0,0,0,0,0,0,0,0,0,0,0,0,0,0,0,0,0,0,0,2,0,0,0,0,0,0,0,0,0,0,0,0,0,0,0,0,0,0,0,0,0,0,0,0,0,0,0,0,0,0,0,0,0,0,0,0,0,0,0,0,0,0,0,0,0,3,0,0,0,0,0,0,0,0,0,0,0,0,0,0,0,0,0,0,0,0,0,0,0,0,0,0,0,0,0,0,0,0,0,0,0,0,0,0,0,0,0,0,0,0,0,0,0
"Thoreau, Henry David",0,0,0,0,0,0,0,0,0,0,0,6,0,0,0,0,0,0,0,0,0,0,0,0,0,0,0,0,0,0,0,5,0,0,1,0,0,0,0,0,0,0,0,0,0,0,0,0,0,0,0,0,0,8,0,0,0,0,0,0,0,0,0,0,0,0,0,0,0,0,0,0,0,0,0,0,10,0,0,0,0,0,0,0,0,0,0,0,0,0,0,1,12,0,0,0,0,0,0,0,0,0,0,0,0,0,0,1,0,2,0,1,0,1,0,0,0,0,0,0,0,0,5,0,1,0,0,0,0,0,0,0,0,0,0,0,0,0,3,0,1,0,0,0,0,0,0,0,0,0,0,0,0,0,0,0,0,0,0,2,0,0,0,0,0,0,0,0,0,0
"Tocqueville, Alexis de",0,0,0,0,0,0,0,0,0,0,0,0,0,0,0,0,0,0,0,0,0,0,1,0,0,0,0,0,1,0,0,0,0,0,0,6,0,0,0,0,0,0,0,0,1,0,0,0,0,0,0,0,0,16,0,0,0,0,0,0,0,0,0,0,0,0,0,0,0,0,0,0,0,0,0,0,0,0,0,0,0,0,0,53,0,0,0,0,0,0,0,0,2,0,0,0,0,0,0,1,0,0,0,0,0,0,0,3,1,0,0,8,0,0,0,0,0,0,0,0,0,5,3,0,3,0,0,0,0,0,0,0,0,0,0,0,0,1,2,0,0,0,0,0,0,0,0,0,0,0,0,0,0,0,0,0,0,0,0,0,1,0,0,0,0,0,28,0,0,0
"Tolstoy, Leo, graf",0,0,0,2,25,0,4,4,0,0,0,0,0,1,0,0,0,0,0,0,0,0,0,1,0,0,0,0,0,5,0,15,0,12,23,1,0,14,1,0,0,0,0,0,0,9,2,0,2,0,25,0,2,2,0,0,0,0,4,0,3,25,1,7,0,0,0,0,45,6,0,0,0,0,0,0,15,0,0,0,0,0,0,0,0,0,0,31,0,0,0,0,0,0,0,0,0,0,33,0,0,0,3,0,0,0,0,6,2,0,0,292,0,4,13,0,39,11,0,0,0,2,60,6,10,0,0,0,0,10,0,0,0,24,7,20,0,8,253,0,0,4,3,0,0,18,0,0,0,0,0,0,0,0,0,4,0,2,0,0,19,0,0,0,0,0,6,4,0,0
Turing,0,0,1,0,0,0,0,0,0,0,0,0,0,0,0,0,0,0,0,0,0,0,0,0,0,0,0,0,0,0,0,0,0,0,0,0,0,0,0,0,0,0,0,0,0,0,0,0,0,0,0,0,0,0,0,0,0,0,0,0,0,0,0,0,0,0,0,0,0,0,0,0,0,0,0,0,0,0,0,0,0,0,0,4,0,0,0,0,1,2,0,0,0,0,0,0,0,0,0,0,0,0,0,0,0,0,0,0,0,0,0,0,0,0,0,0,0,0,0,0,0,0,0,0,0,0,0,0,0,0,0,0,0,0,0,0,0,0,0,0,0,0,0,0,0,0,0,0,0,0,0,0,0,0,0,0,0,0,0,0,0,0,0,0,0,0,0,0,0,0
"Twain, Mark",0,0,0,1,1,4,2,1,0,0,0,4,0,0,0,1,1,0,0,0,0,0,2,0,0,0,0,0,1,0,1,0,2,4,0,0,4,8,2,1,0,0,0,0,0,0,0,1,1,0,0,0,0,4,1,0,0,0,0,1,3,0,0,0,0,0,0,0,0,0,0,0,1,0,0,0,2,0,7,0,0,0,1,5,0,0,0,0,0,1,0,0,2,0,0,0,0,0,0,1,0,0,0,0,0,0,6,1,0,4,0,84,1,1,0,0,0,0,0,0,0,0,8,0,0,0,0,0,0,0,1,0,0,0,0,0,0,0,7,0,0,0,0,0,0,0,0,0,0,0,0,0,0,0,0,0,0,0,0,1,0,0,0,0,0,0,0,0,0,1
"Tylor, Edward B. (Edward Burnett)",1,1,1,0,2,3,10,0,0,0,0,1,0,0,0,1,0,0,0,0,0,0,5,0,0,0,0,0,6,6,0,4,0,2,1,2,0,0,1,0,0,0,0,0,0,0,0,0,0,0,9,0,0,0,0,0,0,0,0,0,0,0,65,12,0,0,0,0,0,0,0,1,0,0,0,0,14,0,2,0,1,2,0,0,0,2,0,0,1,0,0,0,0,6,0,8,5,1,0,0,0,0,0,0,0,0,0,9,0,6,0,0,0,2,0,0,0,3,0,0,0,0,8,0,5,1,0,0,0,0,0,0,0,0,0,0,0,0,1,0,0,0,0,0,0,1,4,0,0,0,0,0,0,0,0,2,0,0,0,4,2,3,1,0,0,0,0,0,0,3
"Tyndall, John",0,0,3,0,14,0,1,0,0,0,0,0,0,0,0,1,0,0,0,0,10,0,0,0,0,17,0,0,0,0,0,0,0,0,62,13,0,0,1,0,0,0,3,0,17,0,0,2,1,109,0,0,0,8,0,0,0,0,0,0,0,35,0,0,7,0,0,0,0,0,23,0,0,0,2,0,5,0,4,0,17,0,0,0,0,0,0,18,0,7,0,17,0,0,21,0,20,0,0,0,0,0,0,0,0,0,3,0,0,2,0,3,0,64,0,0,0,0,0,0,0,4,9,3,1,0,1,0,0,0,1,0,0,2,0,0,0,0,1,0,0,0,0,0,0,0,1,0,0,1,0,0,4,0,0,0,0,0,0,0,0,0,7,0,0,0,27,0,0,0
"Venn, John",0,0,0,0,16,0,0,0,0,0,0,0,0,8,0,0,0,0,6,0,0,0,0,0,0,0,0,0,0,0,0,0,0,4,0,0,0,0,0,0,0,0,0,0,0,0,0,2,0,0,0,0,0,0,0,0,0,0,0,0,0,0,0,6,0,0,0,0,0,0,8,0,0,0,0,0,0,0,10,0,0,0,0,0,0,0,0,50,0,26,0,0,0,0,0,0,0,0,0,0,0,0,0,0,0,0,0,30,0,0,0,0,0,4,0,0,0,0,0,0,0,0,2,0,0,0,0,0,0,0,0,0,0,0,0,0,0,0,6,2,0,0,0,0,0,0,0,0,0,0,0,0,0,0,0,0,0,0,0,0,0,0,4,0,0,0,0,0,0,0
Virgil,0,0,0,0,0,0,0,0,0,0,0,0,0,0,0,0,0,0,0,0,0,0,0,0,0,0,0,0,0,0,0,0,0,0,0,0,0,0,0,0,0,0,0,0,0,0,0,0,0,0,0,0,0,0,0,0,0,0,0,0,0,0,0,0,0,0,0,0,0,0,0,0,0,0,0,0,0,0,0,0,0,0,0,0,0,0,0,0,0,0,0,0,0,0,0,0,1,0,0,0,0,0,0,0,0,0,0,0,0,0,0,0,0,0,0,0,0,0,0,0,0,0,0,0,0,0,0,0,0,0,0,0,0,0,0,0,0,0,0,0,0,0,0,0,0,0,0,0,0,0,0,0,0,0,0,0,0,0,0,0,0,0,0,0,0,0,0,0,0,0
Voltaire,2,18,7,11,110,0,133,42,0,0,0,0,0,0,0,5,0,0,0,0,1,0,0,0,6,0,0,0,163,1,0,28,0,8,0,122,0,0,13,27,0,0,0,0,0,26,4,12,24,0,0,0,0,2,0,0,0,0,0,1,0,0,0,0,0,0,0,0,0,0,0,0,0,25,10,2,121,0,3,0,0,2,0,0,0,0,0,0,0,0,0,0,0,0,134,21,75,0,0,11,1,0,0,0,0,0,0,46,30,0,0,0,0,190,0,3,0,59,0,2,0,24,185,1,63,0,15,0,0,17,0,0,0,0,0,0,0,32,13,0,0,19,52,0,0,0,0,0,0,1,0,0,9,0,0,0,0,0,0,108,0,0,0,0,0,0,0,0,0,17
"Wesley, John",0,0,0,0,0,0,0,0,0,0,0,0,0,0,0,0,0,0,0,0,0,0,0,0,0,0,0,0,0,0,0,0,0,0,0,0,0,0,0,0,0,0,0,0,0,0,1,0,0,0,0,0,0,0,0,0,0,0,0,0,0,0,0,0,0,0,0,0,0,0,0,0,0,0,0,0,1,0,0,0,0,0,0,0,0,0,0,0,0,0,0,0,0,0,0,0,0,0,0,0,0,0,0,0,0,0,0,1,0,0,0,0,0,2,0,0,0,0,0,0,0,0,3,0,0,0,0,0,0,0,0,0,0,0,0,0,0,0,0,0,0,0,0,0,0,0,0,0,0,0,0,0,0,0,0,0,0,0,0,0,0,0,0,4,0,0,0,0,0,0
"Whewell, William",0,0,10,2,215,0,4,1,0,2,30,12,0,3,0,9,0,1,0,0,16,0,0,0,0,0,0,0,5,2,10,0,0,1,0,56,0,0,0,0,0,0,0,0,0,0,2,21,1,29,0,0,0,3,0,0,0,0,0,1,0,1,1,4,0,0,0,1,66,0,35,0,0,0,9,0,1,0,14,0,0,0,0,0,0,0,0,81,0,69,0,2,2,0,59,0,10,0,0,0,0,0,0,0,0,0,7,21,0,0,0,0,0,358,0,0,0,0,0,0,0,8,263,1,0,0,16,0,0,0,1,0,0,7,1,0,0,7,0,0,4,1,0,0,0,0,0,0,0,2,0,0,0,0,0,0,0,0,0,4,0,0,0,0,0,0,0,0,0,4
"Whitefield, George",0,0,0,0,0,0,0,0,0,0,0,1,0,0,0,0,0,0,0,0,0,0,0,7,0,0,0,0,0,13,0,0,0,0,0,0,0,0,0,0,0,0,0,0,0,0,0,0,0,0,0,0,0,0,0,0,0,0,0,0,0,0,0,0,0,0,0,0,0,0,0,0,0,0,0,0,0,0,1,0,0,0,0,0,0,0,0,0,0,0,0,0,0,0,0,0,0,0,0,0,0,0,0,0,0,0,0,0,0,0,0,0,0,1,0,0,0,0,0,0,0,0,0,0,0,0,0,0,0,0,0,0,0,0,0,0,0,0,0,0,0,0,0,0,0,0,0,0,0,0,0,0,0,0,0,0,0,0,0,0,0,34,0,0,0,0,0,0,0,0
"Whitehead, Alfred North",0,0,0,0,7,0,0,0,0,0,1,0,0,0,2,2,0,0,0,0,0,0,0,0,0,0,0,0,0,0,0,0,0,0,0,0,0,0,0,0,0,0,0,15,0,0,0,11,0,2,0,2,0,0,0,0,0,0,0,0,0,0,0,0,0,0,0,0,0,0,0,0,0,0,0,0,2,0,0,0,0,0,0,0,0,0,0,0,0,0,0,0,0,0,4,0,0,0,0,0,0,0,0,0,0,0,0,3,0,0,0,0,0,6,0,0,0,0,0,0,0,0,10,0,0,0,0,0,0,0,5,0,0,0,0,0,0,0,0,0,0,0,0,0,0,0,0,0,0,0,0,0,0,0,0,0,0,0,0,0,0,0,0,0,0,0,0,0,0,0
"Whitman, Walt",0,0,0,0,0,0,0,0,0,0,0,0,0,0,0,0,0,0,0,0,0,0,0,0,0,0,0,0,0,0,0,1,0,3,0,0,0,0,0,0,0,0,0,0,1,0,0,0,0,0,0,0,0,0,0,0,0,0,0,0,0,0,0,0,0,0,0,0,2,0,0,0,0,0,0,0,3,0,0,0,0,0,0,1,0,0,0,3,0,0,0,0,4,0,0,0,0,0,0,0,0,0,0,0,0,0,0,0,0,0,0,1,0,0,0,0,0,0,0,0,0,0,3,0,0,0,0,0,0,0,0,0,0,1,0,0,0,0,0,0,0,1,0,0,0,0,0,0,0,0,0,0,0,0,0,9,0,0,0,1,1,0,0,0,0,0,0,0,0,0
"Wilde, Oscar",0,0,0,0,3,0,0,2,0,0,0,20,0,0,0,3,0,0,0,0,0,0,0,1,0,2,0,3,0,0,1,0,0,33,2,0,0,0,0,0,0,0,0,0,2,0,0,0,3,0,0,0,0,0,0,0,0,0,0,1,0,6,0,0,0,0,0,0,0,0,0,0,0,0,0,0,0,0,0,0,0,0,0,0,0,0,0,0,0,0,0,0,1,0,0,0,0,0,0,0,0,0,0,0,0,0,0,8,5,0,0,4,0,0,0,0,0,0,0,1,0,0,12,0,0,0,0,0,0,1,0,0,0,0,0,0,0,0,57,0,0,2,3,0,0,1,0,0,0,0,0,0,0,0,0,4,0,0,0,0,0,0,0,0,0,0,0,0,0,0
Wittgenstein,0,0,0,0,0,0,11,0,0,0,0,0,0,0,0,0,0,0,0,0,0,0,0,0,0,0,0,0,0,0,0,0,0,0,0,0,0,0,0,0,0,0,0,0,0,0,0,0,0,2,0,0,0,0,0,7,0,0,0,0,0,2,0,0,0,0,0,0,0,0,0,0,0,0,0,0,0,0,0,0,0,0,3,0,0,0,0,0,0,0,0,0,0,0,0,0,0,0,0,0,0,0,0,0,0,0,0,0,0,3,0,0,0,0,0,0,0,0,0,0,0,0,0,0,0,0,0,0,0,0,3,0,0,0,0,0,0,0,0,0,0,0,0,0,0,0,0,0,0,0,0,0,0,0,0,0,0,0,0,0,0,0,0,0,0,0,0,0,0,0
"Wundt, Wilhelm Max",0,0,0,0,12,0,5,0,0,0,0,3,0,0,0,0,0,0,0,0,0,0,0,0,0,1,0,0,0,0,0,1,0,3,0,3,0,0,0,0,0,0,0,0,0,0,0,0,0,0,0,0,0,0,8,0,0,0,0,0,0,4,2,0,0,0,0,0,5,1,0,0,0,0,6,0,31,0,0,0,0,0,0,0,0,0,0,6,0,0,1,0,0,0,2,0,0,0,0,0,0,0,0,0,0,0,0,0,0,0,0,0,0,1,0,0,0,0,0,0,0,0,5,0,0,0,0,0,0,2,0,0,0,0,0,0,0,1,1,0,0,0,2,0,0,0,0,0,0,0,0,0,0,0,0,0,2,0,0,6,0,0,0,0,0,0,0,0,0,1
Xenophon,0,0,0,0,4,0,0,0,0,0,0,0,0,0,0,0,0,0,0,0,0,0,0,0,0,0,0,0,0,0,0,0,0,0,0,0,0,0,0,0,0,0,0,0,0,0,0,0,1,0,0,0,0,0,0,0,0,0,0,0,0,0,0,0,0,0,0,0,0,0,0,0,0,0,0,0,34,0,0,0,0,0,0,0,0,0,0,0,0,0,0,0,0,0,0,0,0,0,0,0,0,0,0,0,0,0,0,0,0,0,0,0,0,0,0,0,0,0,0,0,0,0,53,0,0,0,0,0,0,0,0,0,0,0,0,0,0,0,0,0,0,3,0,0,0,0,0,0,0,0,0,0,0,0,0,0,0,0,0,0,0,0,0,0,0,0,0,0,0,0
